-- MySQL dump 10.13  Distrib 8.0.20, for Linux (x86_64)
--
-- Host: localhost    Database: vk
-- ------------------------------------------------------
-- Server version	8.0.20-0ubuntu0.20.04.1

/*!40101 SET @OLD_CHARACTER_SET_CLIENT=@@CHARACTER_SET_CLIENT */;
/*!40101 SET @OLD_CHARACTER_SET_RESULTS=@@CHARACTER_SET_RESULTS */;
/*!40101 SET @OLD_COLLATION_CONNECTION=@@COLLATION_CONNECTION */;
/*!50503 SET NAMES utf8mb4 */;
/*!40103 SET @OLD_TIME_ZONE=@@TIME_ZONE */;
/*!40103 SET TIME_ZONE='+00:00' */;
/*!40014 SET @OLD_UNIQUE_CHECKS=@@UNIQUE_CHECKS, UNIQUE_CHECKS=0 */;
/*!40014 SET @OLD_FOREIGN_KEY_CHECKS=@@FOREIGN_KEY_CHECKS, FOREIGN_KEY_CHECKS=0 */;
/*!40101 SET @OLD_SQL_MODE=@@SQL_MODE, SQL_MODE='NO_AUTO_VALUE_ON_ZERO' */;
/*!40111 SET @OLD_SQL_NOTES=@@SQL_NOTES, SQL_NOTES=0 */;

--
-- Table structure for table `communities`
--

DROP TABLE IF EXISTS `communities`;
/*!40101 SET @saved_cs_client     = @@character_set_client */;
/*!50503 SET character_set_client = utf8mb4 */;
CREATE TABLE `communities` (
  `id` int unsigned NOT NULL AUTO_INCREMENT COMMENT 'Идентификатор сроки',
  `name` varchar(150) CHARACTER SET utf8 COLLATE utf8_unicode_ci NOT NULL COMMENT 'Название группы',
  `created_at` datetime DEFAULT CURRENT_TIMESTAMP COMMENT 'Время создания строки',
  `updated_at` datetime DEFAULT CURRENT_TIMESTAMP ON UPDATE CURRENT_TIMESTAMP COMMENT 'Время обновления строки',
  PRIMARY KEY (`id`),
  UNIQUE KEY `name` (`name`)
) ENGINE=InnoDB AUTO_INCREMENT=101 DEFAULT CHARSET=utf8 COLLATE=utf8_unicode_ci COMMENT='Группы';
/*!40101 SET character_set_client = @saved_cs_client */;

--
-- Dumping data for table `communities`
--

LOCK TABLES `communities` WRITE;
/*!40000 ALTER TABLE `communities` DISABLE KEYS */;
INSERT INTO `communities` VALUES (1,'nihil','2020-07-18 13:01:44','2020-07-18 13:01:44'),(2,'omnis','2020-07-18 13:01:44','2020-07-18 13:01:44'),(3,'dolorem','2020-07-18 13:01:44','2020-07-18 13:01:44'),(4,'voluptas','2020-07-18 13:01:44','2020-07-18 13:01:44'),(5,'amet','2020-07-18 13:01:44','2020-07-18 13:01:44'),(6,'nostrum','2020-07-18 13:01:44','2020-07-18 13:01:44'),(7,'qui','2020-07-18 13:01:44','2020-07-18 13:01:44'),(8,'impedit','2020-07-18 13:01:44','2020-07-18 13:01:44'),(9,'commodi','2020-07-18 13:01:44','2020-07-18 13:01:44'),(10,'eos','2020-07-18 13:01:44','2020-07-18 13:01:44'),(11,'quisquam','2020-07-18 13:01:44','2020-07-18 13:01:44'),(12,'id','2020-07-18 13:01:44','2020-07-18 13:01:44'),(13,'expedita','2020-07-18 13:01:44','2020-07-18 13:01:44'),(14,'quo','2020-07-18 13:01:44','2020-07-18 13:01:44'),(15,'aut','2020-07-18 13:01:44','2020-07-18 13:01:44'),(16,'iure','2020-07-18 13:01:44','2020-07-18 13:01:44'),(17,'repudiandae','2020-07-18 13:01:44','2020-07-18 13:01:44'),(18,'quia','2020-07-18 13:01:44','2020-07-18 13:01:44'),(19,'animi','2020-07-18 13:01:44','2020-07-18 13:01:44'),(20,'excepturi','2020-07-18 13:01:44','2020-07-18 13:01:44');
/*!40000 ALTER TABLE `communities` ENABLE KEYS */;
UNLOCK TABLES;

--
-- Table structure for table `communities_users`
--

DROP TABLE IF EXISTS `communities_users`;
/*!40101 SET @saved_cs_client     = @@character_set_client */;
/*!50503 SET character_set_client = utf8mb4 */;
CREATE TABLE `communities_users` (
  `community_id` int unsigned NOT NULL COMMENT 'Ссылка на группу',
  `user_id` int unsigned NOT NULL COMMENT 'Ссылка на пользователя',
  `created_at` datetime DEFAULT CURRENT_TIMESTAMP COMMENT 'Время создания строки',
  PRIMARY KEY (`community_id`,`user_id`) COMMENT 'Составной первичный ключ'
) ENGINE=InnoDB DEFAULT CHARSET=utf8 COLLATE=utf8_unicode_ci COMMENT='Участники групп, связь между пользователями и группами';
/*!40101 SET character_set_client = @saved_cs_client */;

--
-- Dumping data for table `communities_users`
--

LOCK TABLES `communities_users` WRITE;
/*!40000 ALTER TABLE `communities_users` DISABLE KEYS */;
INSERT INTO `communities_users` VALUES (1,1,'2004-10-06 16:46:10'),(1,28,'1992-09-27 08:32:57'),(1,35,'2011-08-20 00:09:03'),(1,46,'2008-09-16 03:00:56'),(1,51,'2017-01-11 23:39:19'),(1,53,'2007-12-17 11:41:23'),(1,54,'2018-09-28 19:28:43'),(1,64,'1985-01-13 14:29:33'),(1,71,'2008-06-25 01:22:57'),(1,73,'1993-11-30 06:13:09'),(1,77,'1982-06-21 18:04:26'),(1,88,'1998-01-26 19:02:40'),(1,96,'2014-07-06 16:59:48'),(1,101,'2016-07-10 14:32:04'),(2,2,'2020-03-26 23:50:09'),(2,11,'1995-07-19 08:25:59'),(2,22,'2009-06-17 03:07:07'),(2,35,'1999-02-03 02:08:50'),(2,37,'1972-07-18 04:02:03'),(2,38,'2012-10-10 19:24:10'),(2,49,'1988-06-08 01:36:53'),(2,51,'2008-08-16 04:13:36'),(2,61,'1994-02-09 09:24:06'),(2,65,'2002-10-11 02:42:56'),(2,67,'2003-10-24 17:19:17'),(2,76,'1986-04-15 22:17:51'),(2,102,'2004-09-13 06:36:07'),(3,3,'2019-08-08 17:24:02'),(3,25,'2013-11-17 16:59:21'),(3,36,'1973-06-13 02:07:46'),(3,55,'2015-12-11 13:08:22'),(3,78,'2003-01-03 20:18:21'),(3,92,'1982-09-26 20:58:34'),(3,95,'2019-05-14 22:39:44'),(3,103,'1985-09-01 09:36:46'),(4,4,'2002-05-17 02:34:06'),(4,43,'2000-07-21 07:18:11'),(4,50,'1976-01-06 18:55:17'),(4,55,'2019-02-07 13:44:24'),(4,97,'1993-04-23 18:55:42'),(4,104,'2010-12-17 17:12:46'),(5,5,'2001-02-14 02:39:56'),(5,26,'1999-06-19 04:23:45'),(5,32,'1996-05-25 10:08:14'),(5,39,'1982-03-07 23:08:20'),(5,43,'2005-08-21 04:10:13'),(5,44,'2019-08-26 07:00:49'),(5,47,'1989-08-03 00:53:51'),(5,52,'1976-02-24 20:22:28'),(5,74,'1987-05-09 19:15:50'),(5,81,'1985-08-01 23:49:00'),(5,87,'1992-12-13 21:59:12'),(5,105,'1971-08-24 08:52:21'),(6,6,'2006-09-30 22:21:18'),(6,47,'2011-05-12 01:59:00'),(6,69,'2000-03-02 19:59:40'),(6,86,'2017-11-07 20:17:02'),(6,90,'2015-08-18 23:15:01'),(6,99,'1980-02-06 10:53:17'),(6,106,'1974-08-28 00:37:22'),(7,7,'2018-10-20 03:08:57'),(7,19,'1991-08-06 04:13:37'),(7,23,'1998-01-11 12:10:46'),(7,30,'1982-09-10 11:04:45'),(7,31,'1992-11-28 10:49:31'),(7,44,'2002-02-12 10:00:48'),(7,60,'1980-10-18 05:57:41'),(7,63,'1979-05-28 12:54:27'),(7,71,'1971-04-01 20:53:08'),(7,81,'1978-11-25 20:11:39'),(7,83,'1970-10-31 19:41:24'),(7,93,'2010-08-28 01:47:35'),(7,107,'1988-06-20 09:06:00'),(8,8,'2018-12-06 05:37:21'),(8,14,'1979-02-21 20:36:25'),(8,34,'1994-04-27 09:16:15'),(8,40,'2010-02-05 07:27:16'),(8,42,'1978-09-11 19:26:35'),(8,53,'2015-01-07 08:09:36'),(8,62,'2007-06-29 10:49:06'),(8,66,'1993-05-12 14:06:12'),(8,73,'2000-10-29 08:52:15'),(8,79,'2007-07-08 23:15:41'),(8,84,'1984-03-23 21:24:50'),(8,108,'2005-03-01 00:25:27'),(9,9,'1995-08-09 10:36:35'),(9,24,'1977-01-08 10:25:37'),(9,56,'2005-07-17 23:19:32'),(9,63,'2001-01-28 13:47:54'),(9,100,'2012-09-11 13:15:45'),(9,109,'1978-01-11 18:35:47'),(10,10,'1982-08-27 16:30:31'),(10,12,'2015-06-03 23:34:48'),(10,59,'1978-02-22 21:58:48'),(10,61,'2011-01-16 23:35:25'),(10,65,'1989-03-11 13:40:06'),(10,66,'1988-01-23 07:57:11'),(10,74,'2005-10-06 06:29:47'),(10,85,'2015-08-13 05:07:55'),(10,91,'1971-02-21 22:21:36'),(10,110,'2016-05-30 23:08:43'),(11,1,'1972-10-25 08:28:37'),(11,11,'2015-08-20 11:33:08'),(11,21,'2013-06-02 08:50:07'),(11,38,'1987-10-20 08:56:52'),(11,75,'1983-10-07 09:19:47'),(11,79,'1992-02-11 04:26:57'),(12,2,'1978-04-18 02:30:14'),(12,12,'1997-05-25 17:52:24'),(12,18,'1979-05-10 23:48:20'),(12,29,'1986-02-24 23:36:16'),(12,54,'1973-08-19 13:53:00'),(12,72,'2013-03-17 06:52:31'),(12,80,'2007-05-23 11:07:43'),(12,83,'2018-01-20 02:46:40'),(12,87,'1983-11-04 21:43:06'),(12,89,'1997-07-21 22:53:38'),(12,90,'2003-12-25 15:23:40'),(13,3,'2005-01-18 22:40:42'),(13,13,'1999-04-18 19:07:16'),(13,48,'2014-06-21 19:13:03'),(13,49,'1993-10-02 15:51:12'),(13,62,'1984-07-01 18:05:05'),(13,68,'1985-09-14 09:37:28'),(13,70,'1988-02-10 14:46:20'),(13,77,'1979-01-10 12:00:44'),(14,4,'1975-08-17 17:21:44'),(14,14,'1993-10-14 14:13:21'),(14,15,'2008-04-01 17:53:47'),(14,16,'1973-12-28 08:39:16'),(14,32,'2006-05-26 23:19:15'),(14,34,'1994-05-12 20:28:41'),(14,45,'2000-01-31 20:39:03'),(14,57,'2012-03-31 00:44:48'),(14,58,'1997-07-01 13:58:58'),(14,64,'1987-09-28 13:44:41'),(15,5,'2016-09-04 14:46:19'),(15,15,'1977-04-15 09:54:11'),(15,24,'2019-02-04 12:41:51'),(15,30,'2011-12-31 09:25:43'),(15,46,'2014-09-01 11:14:38'),(15,48,'2003-08-15 10:37:13'),(15,67,'1990-05-16 17:18:44'),(15,75,'1970-09-06 05:24:24'),(15,82,'1977-04-09 15:47:53'),(15,88,'1979-11-18 04:21:45'),(15,89,'1974-07-28 12:00:24'),(16,6,'2016-07-23 10:20:48'),(16,13,'1989-12-09 04:28:46'),(16,16,'1978-11-04 04:33:00'),(16,17,'1988-03-05 05:39:27'),(16,31,'1987-05-11 08:48:41'),(16,41,'1971-03-24 06:39:59'),(16,58,'1970-03-24 02:44:28'),(16,78,'2011-06-17 04:33:05'),(16,85,'1986-09-26 19:28:34'),(16,98,'1981-01-14 12:09:39'),(17,7,'2001-06-05 03:14:24'),(17,17,'1995-09-30 18:25:02'),(17,33,'2004-04-18 11:26:03'),(17,42,'1979-07-25 16:02:08'),(17,59,'1998-01-16 15:57:56'),(17,86,'1975-11-14 11:00:59'),(18,8,'1998-11-30 20:50:12'),(18,18,'2012-08-31 18:11:40'),(18,20,'1985-09-13 18:35:56'),(18,21,'1992-12-30 12:16:45'),(18,22,'2007-02-06 21:45:18'),(18,23,'1976-03-15 16:33:51'),(18,28,'2019-05-20 09:42:01'),(18,33,'1987-11-29 08:16:15'),(18,39,'2019-09-29 02:52:20'),(18,76,'2006-09-21 22:03:41'),(18,80,'2019-09-21 17:20:24'),(19,9,'1992-11-25 20:56:52'),(19,19,'2009-06-13 12:32:12'),(19,27,'1992-09-27 19:05:48'),(19,36,'2004-02-24 23:24:59'),(19,37,'2001-07-11 03:04:05'),(19,52,'2008-10-24 22:10:44'),(19,56,'2017-01-21 18:14:20'),(19,72,'1986-10-07 19:00:29'),(20,10,'1999-10-18 09:40:26'),(20,20,'1997-05-24 21:19:21'),(20,25,'2003-09-17 10:12:55'),(20,26,'2007-09-24 10:12:00'),(20,27,'1975-10-05 21:34:17'),(20,29,'2019-07-30 07:39:23'),(20,40,'1974-09-07 10:53:00'),(20,41,'1991-11-22 09:30:08'),(20,45,'2009-05-17 10:32:06'),(20,50,'1992-02-09 11:06:55'),(20,57,'2003-11-11 10:31:27'),(20,60,'2002-12-26 21:26:52'),(20,68,'2018-12-20 06:19:12'),(20,69,'1984-07-26 16:24:22'),(20,70,'1996-12-18 12:18:32'),(20,82,'2014-12-15 15:58:55'),(20,84,'1976-03-18 18:27:13'),(20,94,'1983-12-28 06:11:59');
/*!40000 ALTER TABLE `communities_users` ENABLE KEYS */;
UNLOCK TABLES;

--
-- Table structure for table `friendship`
--

DROP TABLE IF EXISTS `friendship`;
/*!40101 SET @saved_cs_client     = @@character_set_client */;
/*!50503 SET character_set_client = utf8mb4 */;
CREATE TABLE `friendship` (
  `user_id` int unsigned NOT NULL COMMENT 'Ссылка на инициатора дружеских отношений',
  `friend_id` int unsigned NOT NULL COMMENT 'Ссылка на получателя приглашения дружить',
  `status_id` int unsigned NOT NULL COMMENT 'Ссылка на статус (текущее состояние) отношений',
  `requested_at` datetime DEFAULT CURRENT_TIMESTAMP COMMENT 'Время отправления приглашения дружить',
  `confirmed_at` datetime DEFAULT NULL COMMENT 'Время подтверждения приглашения',
  `updated_at` datetime DEFAULT CURRENT_TIMESTAMP ON UPDATE CURRENT_TIMESTAMP COMMENT 'Время обновления строки',
  PRIMARY KEY (`user_id`,`friend_id`) COMMENT 'Составной первичный ключ'
) ENGINE=InnoDB DEFAULT CHARSET=utf8 COLLATE=utf8_unicode_ci COMMENT='Таблица дружбы';
/*!40101 SET character_set_client = @saved_cs_client */;

--
-- Dumping data for table `friendship`
--

LOCK TABLES `friendship` WRITE;
/*!40000 ALTER TABLE `friendship` DISABLE KEYS */;
INSERT INTO `friendship` VALUES (1,19,3,'2000-07-08 04:50:06','1976-02-07 15:00:36','2020-07-25 21:49:34'),(1,46,2,'1980-11-27 06:31:22','1994-03-22 22:23:17','2020-07-25 21:49:34'),(2,32,2,'2008-12-28 14:58:35','1978-01-27 03:31:00','1979-08-02 04:14:42'),(2,100,3,'2014-03-18 12:19:49','2015-06-06 15:27:23','2020-07-25 21:49:34'),(3,7,1,'1999-03-29 00:37:01','1980-02-24 22:40:09','2020-07-25 21:49:34'),(3,21,1,'1988-05-19 19:14:06','1996-01-15 10:18:01','2020-07-25 21:49:34'),(4,33,3,'2000-02-05 13:34:11','2020-05-29 22:53:04','2020-07-25 21:49:34'),(4,46,3,'1983-04-21 08:34:10','2018-02-09 19:50:56','2020-07-25 21:49:34'),(5,7,3,'1970-06-17 13:06:52','2004-03-26 23:17:53','2020-07-25 21:49:34'),(5,58,1,'1991-03-26 15:40:32','1990-09-13 19:31:17','2020-07-25 21:49:34'),(6,30,1,'1974-05-27 04:01:14','1987-06-12 01:38:07','2010-09-28 11:10:02'),(6,42,2,'2008-10-29 17:06:04','1972-07-26 05:58:36','2020-07-25 21:49:34'),(7,49,1,'2014-03-01 10:50:20','1974-12-31 17:13:30','2020-07-25 21:49:34'),(7,102,3,'1976-09-07 15:12:41','1970-03-25 18:26:00','2020-07-25 21:49:34'),(8,86,3,'1989-01-26 14:26:02','1996-03-10 08:30:51','1986-05-22 20:19:44'),(8,101,1,'1996-02-21 14:17:24','2000-07-31 00:14:33','2020-07-25 21:49:34'),(9,19,1,'2020-01-02 17:45:43','2017-07-20 17:26:55','2020-07-25 21:49:34'),(9,60,2,'1974-09-26 20:33:27','1982-11-03 06:03:29','2020-07-25 21:49:34'),(10,23,3,'1991-05-26 23:49:57','2013-12-17 18:29:32','2020-07-25 21:49:34'),(10,72,2,'1980-03-04 14:09:21','2009-01-03 17:57:19','2020-07-25 21:49:34'),(11,17,2,'1996-07-27 15:10:35','1998-06-30 07:00:24','2020-07-25 21:49:34'),(11,107,2,'2017-12-27 17:10:12','1993-06-12 03:34:18','2020-07-25 21:49:34'),(12,28,2,'2014-02-08 12:36:40','1999-04-19 19:58:06','1991-06-09 16:41:13'),(12,85,3,'1973-12-15 02:13:56','1988-05-14 13:33:48','2020-07-25 21:49:34'),(13,3,3,'1998-09-04 19:47:28','2013-08-18 14:27:53','1980-07-11 16:44:30'),(13,106,2,'1990-02-24 14:49:34','1980-11-15 05:06:27','2020-07-25 21:49:34'),(14,86,2,'2006-12-19 18:48:52','1992-05-14 08:07:56','2020-07-25 21:49:34'),(14,109,2,'1998-03-01 14:56:11','2005-03-09 20:16:34','2020-07-25 21:49:34'),(15,14,1,'2008-04-03 01:21:57','1993-03-20 22:31:36','2020-07-25 21:49:34'),(15,83,1,'1978-11-10 05:35:49','1998-07-26 23:48:32','2020-07-25 21:49:34'),(16,1,1,'1980-09-21 19:49:42','1995-12-28 05:46:05','2018-01-03 05:56:30'),(16,76,3,'2012-11-08 16:08:57','2019-12-22 05:36:43','2020-07-25 21:49:34'),(17,22,2,'1973-02-05 00:36:46','2008-01-03 01:27:14','1997-02-28 14:40:04'),(17,29,1,'2000-11-26 19:12:26','2017-08-19 18:14:15','2020-07-25 21:49:34'),(18,68,1,'1977-03-12 03:59:24','1988-04-05 03:35:45','2020-07-25 21:49:34'),(18,95,3,'1974-04-04 10:21:26','1994-02-16 03:32:18','1992-09-09 04:29:04'),(19,35,2,'2008-05-18 14:45:57','2019-12-04 01:07:16','2020-07-25 21:49:34'),(19,56,1,'1972-09-22 20:39:25','1997-03-13 09:52:40','2020-07-25 21:49:34'),(20,15,1,'1977-05-17 01:15:08','1996-03-09 03:44:16','2020-07-25 21:49:34'),(20,16,2,'2019-04-15 15:05:27','1980-04-08 11:53:50','2020-07-25 21:49:34'),(21,86,2,'1987-03-02 06:09:49','1980-09-19 00:28:15','2020-07-25 21:49:34'),(21,95,1,'1977-06-30 15:22:00','2009-12-27 03:01:09','1991-04-16 05:59:26'),(22,23,2,'1996-10-15 21:16:54','1986-01-10 08:14:33','2020-07-25 21:48:10'),(22,108,2,'1974-10-02 19:31:30','2013-11-14 22:33:22','1999-04-02 12:24:29'),(23,14,3,'2001-06-07 01:00:19','1971-05-30 11:10:40','2016-08-21 18:51:34'),(23,66,3,'2011-05-19 11:10:55','2012-01-03 19:59:46','1976-05-01 10:13:33'),(24,6,3,'2018-02-01 09:23:49','2015-05-23 19:18:35','2020-07-25 21:49:34'),(24,41,3,'2020-06-21 16:58:20','2015-06-13 08:00:07','2020-07-25 21:49:34'),(25,59,1,'1974-10-30 03:29:55','1991-08-25 14:41:52','2020-07-25 21:49:34'),(25,68,1,'2000-12-28 20:52:32','2011-07-07 01:01:17','2020-07-25 21:49:34'),(26,55,2,'1971-02-11 02:04:46','2018-05-31 08:35:28','2020-07-25 21:49:34'),(26,102,3,'2018-03-20 03:21:32','1972-02-14 21:54:48','2020-07-25 21:49:34'),(27,37,3,'1970-05-19 06:31:43','1984-04-05 06:32:36','2020-07-25 21:49:34'),(27,75,1,'2001-03-18 14:38:21','2015-01-07 01:40:48','2020-07-25 21:49:34'),(28,48,2,'2013-11-04 08:22:04','1983-02-22 02:25:37','2020-07-25 21:49:34'),(28,93,2,'1992-05-12 21:20:46','1985-03-05 09:30:28','2020-07-25 21:49:34'),(29,11,1,'2010-09-27 04:57:34','2014-05-07 16:49:25','2020-07-25 21:49:34'),(29,92,2,'1998-01-18 12:15:00','1975-06-04 17:38:27','2020-07-25 21:49:34'),(30,76,3,'1992-04-07 21:19:51','1980-07-13 15:11:24','2020-07-25 21:49:34'),(30,79,3,'1974-10-22 03:38:50','1998-03-15 22:34:49','2020-07-25 21:49:34'),(31,16,1,'1974-12-17 03:32:09','2016-02-10 05:57:17','2012-01-15 09:11:27'),(31,62,2,'2007-05-10 05:41:50','1977-08-17 07:02:27','2020-07-25 21:49:34'),(32,64,3,'2017-07-07 02:16:16','2015-01-27 22:11:17','2020-07-25 21:49:34'),(32,81,3,'1977-04-08 14:49:32','2007-11-19 15:24:56','2020-07-25 21:49:34'),(33,1,2,'1992-11-27 22:14:48','2004-07-11 21:52:43','2020-07-25 21:49:34'),(33,10,1,'1977-07-07 06:27:19','2012-04-29 18:16:20','2020-07-25 21:49:34'),(34,7,1,'2012-04-17 03:02:25','1981-11-07 23:25:12','2020-07-25 21:49:34'),(34,31,3,'1986-02-10 10:10:10','1972-06-18 19:11:15','2020-07-25 21:49:34'),(35,52,2,'1995-02-01 21:38:42','1992-03-28 18:56:23','2020-07-25 21:49:34'),(35,53,1,'2006-05-24 22:26:02','1983-08-30 21:11:38','2020-07-25 21:49:34'),(36,60,1,'1979-04-08 09:21:37','1996-05-23 07:16:32','2001-02-07 01:40:11'),(36,97,3,'1974-12-09 10:35:29','2002-09-09 16:31:45','2020-07-25 21:49:34'),(37,66,3,'1973-04-14 03:30:33','1980-05-29 14:08:14','2020-07-25 21:49:34'),(37,69,1,'2019-02-12 10:59:06','1994-12-18 06:23:03','2020-07-25 21:49:34'),(38,14,2,'1989-01-14 12:02:51','1983-01-25 22:50:06','2020-07-25 21:49:34'),(38,44,2,'1993-10-24 17:30:28','1987-11-12 10:39:24','2020-07-25 21:49:34'),(39,4,1,'1989-08-27 16:05:01','2005-02-18 17:07:56','2020-07-25 21:49:34'),(39,102,2,'2005-04-06 06:47:24','1988-08-19 18:36:16','2020-07-25 21:49:34'),(40,10,2,'1978-11-18 12:58:03','2005-12-29 10:42:30','2020-07-25 21:49:34'),(40,89,3,'2006-01-20 12:13:20','2011-03-12 22:55:04','2020-07-25 21:49:34'),(41,58,3,'1973-10-19 01:32:58','2012-02-18 16:30:12','2020-07-25 21:49:34'),(41,63,1,'1994-01-31 21:51:43','1974-08-17 20:14:12','1994-05-19 03:26:31'),(42,37,1,'2009-12-06 18:10:35','1998-07-07 02:19:43','2020-07-25 21:49:34'),(42,84,3,'1971-09-09 01:08:58','1977-03-08 17:41:49','2020-07-25 21:49:34'),(43,49,3,'2016-06-06 00:26:34','2010-04-29 21:05:22','1975-01-14 16:49:45'),(43,97,2,'1993-02-27 00:47:23','1975-03-05 21:07:20','2020-07-25 21:49:34'),(44,27,2,'2014-01-18 00:31:06','2007-02-08 06:20:05','2020-07-25 21:49:34'),(44,107,2,'1995-06-08 03:41:19','2010-09-04 21:37:04','2020-07-25 21:49:34'),(45,82,3,'1978-05-21 10:43:57','2011-01-10 06:44:49','2020-07-25 21:49:34'),(45,109,3,'1998-05-13 08:03:14','2005-01-14 00:35:09','2020-07-25 21:49:34'),(46,101,1,'1985-07-26 11:44:22','1995-02-07 12:39:25','1981-07-21 01:32:28'),(46,102,3,'2008-01-31 03:08:53','1978-05-03 07:42:42','2020-07-25 21:49:34'),(47,9,1,'1991-04-16 02:38:24','1990-11-25 03:38:25','2020-07-25 21:49:34'),(47,40,2,'2019-09-30 13:32:57','2018-04-22 08:36:23','1978-04-01 08:25:07'),(48,34,1,'1971-03-02 01:30:58','2006-01-09 06:47:05','2020-07-25 21:49:34'),(48,89,1,'2020-06-25 10:41:12','1980-08-29 22:47:33','2020-07-25 21:49:34'),(49,62,1,'2013-02-28 12:49:22','1997-01-23 21:33:19','2020-07-25 21:49:34'),(49,110,2,'1970-03-04 21:44:09','1983-06-18 12:37:58','2020-07-25 21:49:34'),(50,27,2,'2010-05-26 03:03:30','1990-08-17 06:20:51','2020-07-25 21:49:34'),(50,95,1,'2013-05-04 09:00:08','2010-07-28 04:55:44','2020-07-25 21:49:34'),(51,32,3,'1989-10-26 01:52:21','2003-08-17 22:40:17','2020-07-25 21:49:34'),(51,101,2,'1977-10-07 16:26:31','2005-12-17 20:34:13','2020-07-25 21:49:34'),(52,2,2,'1991-07-22 04:05:01','1979-08-04 06:55:35','1991-06-29 05:15:09'),(52,98,3,'1996-03-20 16:20:26','1990-08-07 04:27:54','2020-07-25 21:49:34'),(53,37,1,'1971-09-22 12:22:23','1985-09-24 17:04:03','2020-07-25 21:49:34'),(53,88,3,'1992-10-11 21:35:31','2006-06-08 07:39:37','2001-11-13 08:39:13'),(54,41,3,'1977-10-24 18:20:11','2009-07-03 03:43:50','2020-07-25 21:49:34'),(54,109,1,'1989-09-18 09:56:39','2014-12-26 10:04:48','2020-07-25 21:49:34'),(55,21,3,'1984-04-06 13:01:13','1980-10-07 04:02:52','2020-07-25 21:49:34'),(55,80,2,'2018-09-26 00:49:09','2016-06-30 02:33:32','2020-07-25 21:49:34'),(56,17,2,'1970-05-24 06:45:50','1983-07-20 15:34:38','2020-07-25 21:49:34'),(56,97,2,'1975-03-05 02:40:07','1990-09-20 07:36:38','2020-07-25 21:49:34'),(57,41,2,'1999-11-04 21:30:55','1998-04-10 03:36:24','2003-02-04 00:27:30'),(57,95,3,'1974-08-26 09:30:57','1987-04-04 01:31:09','2020-07-25 21:49:34'),(58,37,3,'1975-10-17 08:31:28','1978-08-04 13:39:13','2014-02-17 23:58:42'),(58,85,2,'1995-04-25 11:33:05','2016-03-26 07:38:58','2020-07-25 21:49:34'),(59,93,3,'1998-08-27 04:20:37','2011-10-17 01:38:41','2020-07-25 21:49:34'),(59,99,2,'2007-01-25 22:30:07','2003-12-19 05:55:43','2020-07-25 21:49:34'),(60,26,2,'1998-02-03 08:48:13','2001-07-08 17:47:07','2020-07-25 21:49:34'),(60,48,3,'1991-08-07 06:55:59','1970-01-19 19:21:05','2020-07-25 21:49:34'),(61,14,2,'1970-10-05 23:45:57','1982-06-06 06:45:46','2020-07-25 21:49:34'),(61,96,2,'1975-08-05 13:34:28','2013-05-24 17:18:21','2020-07-25 21:49:34'),(62,65,1,'1974-07-02 12:12:39','1987-11-28 17:04:16','2020-07-25 21:49:34'),(62,80,3,'2011-02-24 21:01:31','2000-09-14 23:46:58','2020-07-25 21:49:34'),(63,66,1,'1974-04-08 14:36:42','1991-10-31 00:38:47','2020-07-25 21:49:34'),(63,109,3,'1991-05-13 16:41:32','2004-01-13 06:59:41','1996-02-13 15:41:35'),(64,51,1,'2009-06-16 01:59:33','1982-09-10 12:21:10','2020-07-25 21:49:34'),(64,97,2,'1986-03-17 08:51:00','2006-05-22 05:44:19','2020-07-25 21:49:34'),(65,21,1,'2001-11-12 20:17:53','1994-04-29 06:26:03','2020-07-25 21:49:34'),(65,28,1,'2004-05-12 09:06:24','1990-10-05 06:21:23','2020-07-25 21:49:34'),(66,74,3,'1992-02-20 17:45:48','2018-07-14 00:17:09','2020-07-25 21:49:34'),(66,76,3,'1988-01-29 21:02:35','2014-11-13 21:15:31','2020-07-25 21:49:34'),(67,1,2,'1975-02-28 00:11:53','2015-08-15 09:12:35','2002-06-29 17:43:58'),(67,42,1,'1991-03-20 23:34:15','1972-09-12 06:27:41','2020-07-25 21:49:34'),(68,25,2,'1994-12-09 16:28:02','1970-03-10 05:18:41','2020-07-25 21:49:34'),(68,46,1,'2020-05-22 19:18:07','1993-09-16 08:42:58','2020-07-25 21:49:34'),(69,8,1,'1997-06-01 21:54:48','1972-06-06 16:06:05','2020-07-25 21:49:34'),(69,36,1,'1995-05-10 06:18:11','2007-11-04 22:47:40','2020-07-25 21:49:34'),(70,24,1,'1979-12-26 12:06:59','2009-05-23 05:53:23','2020-07-25 21:49:34'),(70,73,2,'1970-11-25 12:12:45','1973-01-20 10:36:19','2020-07-25 21:49:34'),(71,52,3,'1980-06-16 01:26:36','2018-05-22 05:15:26','2020-07-25 21:49:34'),(71,73,1,'1989-01-15 12:04:06','1976-05-04 20:33:16','1988-05-23 09:02:08'),(72,65,2,'1996-08-07 21:13:14','1998-11-27 22:50:35','1993-10-24 11:08:31'),(72,77,2,'1984-03-03 08:51:33','2015-07-31 18:58:14','2018-09-11 14:30:16'),(73,24,1,'2008-10-25 12:26:39','1984-06-24 12:01:38','2020-07-25 21:49:34'),(73,33,2,'2005-04-16 03:26:41','1994-01-03 16:13:12','2020-07-25 21:49:34'),(74,23,3,'1993-03-20 03:04:40','2012-02-26 01:17:21','2020-07-25 21:49:34'),(74,91,2,'1974-08-11 22:28:41','2009-08-12 12:08:34','2020-07-25 21:49:34'),(75,21,1,'2014-02-03 17:15:11','2005-09-16 18:52:14','2020-07-25 21:49:34'),(75,51,2,'1978-05-16 15:54:22','2008-09-23 04:59:04','2020-07-25 21:49:34'),(76,18,3,'2011-10-25 07:36:50','1994-07-22 03:23:59','2020-07-25 21:49:34'),(76,39,3,'1989-12-09 18:31:07','1984-12-16 02:18:00','2020-07-25 21:49:34'),(77,15,2,'1996-05-20 13:19:04','2003-05-18 04:35:52','1985-04-15 19:45:28'),(77,83,1,'1979-12-01 23:21:05','1983-05-03 09:23:16','2020-07-25 21:49:34'),(78,30,2,'1974-01-09 07:40:09','1991-11-14 17:47:57','2020-07-25 21:49:34'),(78,36,1,'1996-07-31 11:21:46','2018-10-23 05:07:25','2020-07-25 21:49:34'),(79,11,3,'2008-07-30 03:50:06','2018-11-15 02:19:12','2020-07-25 21:49:34'),(79,31,1,'1998-05-07 11:26:09','2018-05-17 09:16:09','2020-07-25 21:49:34'),(80,76,3,'2018-04-30 15:19:22','2017-05-17 02:02:45','2020-07-25 21:49:34'),(80,109,1,'2018-12-21 07:39:33','1982-03-26 22:22:52','2020-07-25 21:49:34'),(81,45,3,'2001-08-06 04:57:16','1980-03-27 05:09:12','2020-07-25 21:49:34'),(81,55,3,'1995-05-03 12:35:29','1992-07-02 03:26:29','2020-07-25 21:49:34'),(82,25,1,'1982-01-01 19:31:00','1979-04-21 22:32:49','2020-07-25 21:49:34'),(82,42,1,'2009-12-28 08:59:40','2011-10-10 01:01:46','2020-07-25 21:49:34'),(83,22,2,'1999-07-02 19:53:41','1979-04-08 04:04:14','2020-07-25 21:49:34'),(83,32,2,'1985-03-30 00:14:15','2010-05-06 09:42:06','2020-07-25 21:49:34'),(84,5,1,'1998-04-09 14:51:06','2013-01-02 14:28:07','2020-07-25 21:49:34'),(84,65,3,'1982-09-23 13:42:52','2014-09-09 23:14:21','2020-07-25 21:49:34'),(85,20,3,'2012-08-04 04:22:35','2005-01-11 06:54:50','2020-07-25 21:49:34'),(85,38,2,'1987-12-03 15:12:32','1988-10-26 05:08:46','2020-07-25 21:49:34'),(86,54,1,'2017-04-21 00:35:26','2002-04-19 22:49:18','1999-07-23 14:02:30'),(86,89,2,'2006-09-19 10:07:17','2019-04-10 00:57:37','2020-07-25 21:49:34'),(87,33,1,'2003-03-27 00:30:42','2000-09-17 16:23:21','2020-07-25 21:49:34'),(87,100,2,'2014-03-14 20:47:05','2006-10-10 13:29:42','1990-05-01 02:12:24'),(88,48,1,'1972-12-27 22:12:32','1998-04-07 20:39:01','2020-07-25 21:49:34'),(88,86,1,'1982-10-01 04:56:19','1979-06-07 05:24:55','2020-07-25 21:49:34'),(89,10,2,'2002-10-09 21:29:35','2020-06-05 19:02:19','2020-07-25 21:49:34'),(89,92,3,'1993-02-02 03:43:20','2002-09-15 00:22:16','2020-07-25 21:49:34'),(90,33,3,'1974-09-19 10:59:31','1981-07-26 11:32:58','2020-07-25 21:49:34'),(90,95,1,'1993-12-09 02:55:21','2000-07-05 20:20:56','2020-07-25 21:49:34'),(91,31,1,'1990-12-16 03:44:20','2019-11-26 09:01:24','2002-09-15 16:57:02'),(92,12,1,'2009-05-28 02:10:14','1991-03-23 05:21:51','2020-07-25 21:49:34'),(93,25,2,'1971-07-17 15:09:32','2020-06-13 15:19:50','2020-07-25 21:49:34'),(94,88,1,'2002-10-29 05:19:07','2017-03-08 14:44:14','2020-07-25 21:49:34'),(95,8,2,'1987-04-16 02:01:28','1981-02-19 18:35:41','2020-07-25 21:49:34'),(96,57,1,'2013-03-19 16:53:59','2007-08-16 01:22:51','2000-01-22 02:04:14'),(97,8,1,'2006-07-30 23:29:50','1985-02-06 03:59:05','2020-07-25 21:49:34'),(98,64,3,'1993-05-23 13:41:32','1974-12-09 14:14:04','1972-09-11 03:29:35'),(99,41,2,'1990-10-08 04:51:49','1989-01-15 19:34:16','2020-07-25 21:49:34'),(100,52,2,'1994-11-29 11:09:05','2016-02-16 06:45:16','2020-07-25 21:49:34'),(101,67,3,'1977-03-14 10:35:03','1985-05-01 10:01:06','2020-07-25 21:49:34'),(102,86,2,'1986-03-18 16:12:14','1982-10-19 11:43:02','1997-11-11 02:27:14'),(103,32,3,'1980-04-17 14:00:08','2002-09-18 08:17:07','1990-04-23 13:06:12'),(104,109,2,'2001-05-10 23:51:43','1972-07-25 03:33:18','2020-07-25 21:49:34'),(105,42,2,'1974-09-29 11:23:30','2019-07-19 19:55:22','2020-07-25 21:49:34'),(106,107,2,'2011-05-19 21:34:43','1976-12-24 23:16:12','2020-07-25 21:49:34'),(107,108,3,'1976-09-01 15:03:25','1994-03-09 10:48:13','2020-07-25 21:49:34'),(108,56,2,'1995-04-17 09:49:46','2009-07-12 14:40:36','2020-07-25 21:49:34'),(109,27,3,'1971-09-09 03:27:42','1999-09-04 22:45:13','2020-07-25 21:49:34'),(110,12,3,'2010-08-26 20:31:41','1973-09-14 13:07:37','2020-07-25 21:49:34');
/*!40000 ALTER TABLE `friendship` ENABLE KEYS */;
UNLOCK TABLES;

--
-- Table structure for table `friendship_statuses`
--

DROP TABLE IF EXISTS `friendship_statuses`;
/*!40101 SET @saved_cs_client     = @@character_set_client */;
/*!50503 SET character_set_client = utf8mb4 */;
CREATE TABLE `friendship_statuses` (
  `id` int unsigned NOT NULL AUTO_INCREMENT COMMENT 'Идентификатор строки',
  `name` varchar(150) CHARACTER SET utf8 COLLATE utf8_unicode_ci NOT NULL COMMENT 'Название статуса',
  `created_at` datetime DEFAULT CURRENT_TIMESTAMP COMMENT 'Время создания строки',
  `updated_at` datetime DEFAULT CURRENT_TIMESTAMP ON UPDATE CURRENT_TIMESTAMP COMMENT 'Время обновления строки',
  PRIMARY KEY (`id`),
  UNIQUE KEY `name` (`name`)
) ENGINE=InnoDB AUTO_INCREMENT=4 DEFAULT CHARSET=utf8 COLLATE=utf8_unicode_ci COMMENT='Статусы дружбы';
/*!40101 SET character_set_client = @saved_cs_client */;

--
-- Dumping data for table `friendship_statuses`
--

LOCK TABLES `friendship_statuses` WRITE;
/*!40000 ALTER TABLE `friendship_statuses` DISABLE KEYS */;
INSERT INTO `friendship_statuses` VALUES (1,'Requested','2020-07-25 21:49:12','2020-07-25 21:49:12'),(2,'Confirmed','2020-07-25 21:49:12','2020-07-25 21:49:12'),(3,'Rejected','2020-07-25 21:49:12','2020-07-25 21:49:12');
/*!40000 ALTER TABLE `friendship_statuses` ENABLE KEYS */;
UNLOCK TABLES;

--
-- Table structure for table `media`
--

DROP TABLE IF EXISTS `media`;
/*!40101 SET @saved_cs_client     = @@character_set_client */;
/*!50503 SET character_set_client = utf8mb4 */;
CREATE TABLE `media` (
  `id` int unsigned NOT NULL AUTO_INCREMENT COMMENT 'Идентификатор строки',
  `user_id` int unsigned NOT NULL COMMENT 'Ссылка на пользователя, который загрузил файл',
  `filename` varchar(255) CHARACTER SET utf8 COLLATE utf8_unicode_ci NOT NULL COMMENT 'Путь к файлу',
  `size` int NOT NULL COMMENT 'Размер файла',
  `metadata` json DEFAULT NULL,
  `media_type_id` int unsigned NOT NULL COMMENT 'Ссылка на тип контента',
  `created_at` datetime DEFAULT CURRENT_TIMESTAMP COMMENT 'Время создания строки',
  `updated_at` datetime DEFAULT CURRENT_TIMESTAMP ON UPDATE CURRENT_TIMESTAMP COMMENT 'Время обновления строки',
  PRIMARY KEY (`id`),
  CONSTRAINT `media_chk_1` CHECK (json_valid(`metadata`))
) ENGINE=InnoDB AUTO_INCREMENT=415 DEFAULT CHARSET=utf8 COLLATE=utf8_unicode_ci COMMENT='Медиафайлы';
/*!40101 SET character_set_client = @saved_cs_client */;

--
-- Dumping data for table `media`
--

LOCK TABLES `media` WRITE;
/*!40000 ALTER TABLE `media` DISABLE KEYS */;
INSERT INTO `media` VALUES (1,96,'https://dropbox/vk/maiores.avi',72450,'{\"owner\": \"Arielle Anderson\"}',3,'2017-03-30 07:14:57','2020-07-25 21:45:55'),(2,79,'https://dropbox/vk/exercitationem.mpg',990187,'{\"owner\": \"Micah Kunze\"}',2,'1976-06-29 13:34:40','2020-07-25 21:45:55'),(3,9,'https://dropbox/vk/laboriosam.mpg',102019044,'{\"owner\": \"Zackery Strosin\"}',2,'1990-06-28 01:06:17','2020-07-25 21:45:55'),(4,4,'https://dropbox/vk/cupiditate.mpg',44349,'{\"owner\": \"Arvid Nolan\"}',2,'2010-08-12 17:44:03','2020-07-25 21:45:55'),(5,95,'https://dropbox/vk/odio.jpg',1766394,'{\"owner\": \"Enola Schmeler\"}',2,'1984-05-05 02:13:14','2020-07-25 21:45:55'),(6,62,'https://dropbox/vk/molestiae.mp3',17259007,'{\"owner\": \"Kristoffer Blick\"}',1,'2003-03-04 16:04:59','2020-07-25 21:45:55'),(7,25,'https://dropbox/vk/error.avi',864931,'{\"owner\": \"Josianne Botsford\"}',1,'2003-08-08 18:55:11','2020-07-25 21:45:55'),(8,37,'https://dropbox/vk/consequatur.mp3',3700,'{\"owner\": \"Asa Watsica\"}',3,'1983-02-24 17:15:03','2020-07-25 21:45:55'),(9,11,'https://dropbox/vk/rem.avi',723587,'{\"owner\": \"Micaela Spencer\"}',3,'2015-12-16 00:55:39','2020-07-25 21:45:55'),(10,42,'https://dropbox/vk/aperiam.avi',38881,'{\"owner\": \"Janet Von\"}',1,'1992-08-27 01:35:06','2020-07-25 21:45:55'),(11,77,'https://dropbox/vk/nisi.mpg',349309,'{\"owner\": \"Kristian Nicolas\"}',3,'1987-09-05 19:41:18','2020-07-25 21:45:55'),(12,59,'https://dropbox/vk/odit.mpg',70137,'{\"owner\": \"Lenna Hane\"}',1,'1992-09-23 19:57:18','2020-07-25 21:45:55'),(13,62,'https://dropbox/vk/itaque.avi',637371,'{\"owner\": \"Kristoffer Blick\"}',3,'1984-05-09 16:04:44','2020-07-25 21:45:55'),(14,33,'https://dropbox/vk/necessitatibus.jpg',1006098,'{\"owner\": \"Vida Lindgren\"}',1,'2010-05-18 04:52:06','2020-07-25 21:45:55'),(15,81,'https://dropbox/vk/iure.jpg',6002,'{\"owner\": \"Elena Gleason\"}',3,'2004-08-09 05:36:52','2020-07-25 21:45:55'),(16,3,'https://dropbox/vk/eveniet.mp3',8458,'{\"owner\": \"Kolby Wyman\"}',2,'1993-03-19 03:04:35','2020-07-25 21:45:55'),(17,72,'https://dropbox/vk/enim.mp3',9879540,'{\"owner\": \"Declan Legros\"}',2,'1987-04-01 20:46:27','2020-07-25 21:45:55'),(18,50,'https://dropbox/vk/ea.mp3',27705,'{\"owner\": \"Roxane Cronin\"}',2,'1991-02-20 02:22:38','2020-07-25 21:45:55'),(19,33,'https://dropbox/vk/rerum.avi',1718,'{\"owner\": \"Vida Lindgren\"}',3,'1972-05-20 08:36:40','2020-07-25 21:45:55'),(20,15,'https://dropbox/vk/modi.jpg',108374,'{\"owner\": \"Tamara Larson\"}',2,'1973-10-25 03:07:32','2020-07-25 21:45:55'),(21,76,'https://dropbox/vk/fuga.mpg',28250,'{\"owner\": \"Alex Ebert\"}',3,'2003-09-11 06:01:54','2020-07-25 21:45:55'),(22,35,'https://dropbox/vk/laboriosam.mpg',4607330,'{\"owner\": \"Ernesto Herman\"}',2,'1999-05-24 11:56:00','2020-07-25 21:45:55'),(23,46,'https://dropbox/vk/nemo.avi',466558,'{\"owner\": \"Maxwell Satterfield\"}',3,'2004-04-21 22:12:03','2020-07-25 21:45:55'),(24,24,'https://dropbox/vk/odit.mp3',513579,'{\"owner\": \"Tara Schumm\"}',3,'1983-03-18 07:21:36','2020-07-25 21:45:55'),(25,83,'https://dropbox/vk/commodi.mp3',9643312,'{\"owner\": \"Ephraim Hyatt\"}',2,'2001-04-05 19:44:50','2020-07-25 21:45:55'),(26,42,'https://dropbox/vk/ut.avi',46920420,'{\"owner\": \"Janet Von\"}',1,'1977-01-04 08:07:10','2020-07-25 21:45:55'),(27,59,'https://dropbox/vk/rerum.avi',232771,'{\"owner\": \"Lenna Hane\"}',3,'2015-03-27 03:49:30','2020-07-25 21:45:55'),(28,68,'https://dropbox/vk/minima.avi',940367974,'{\"owner\": \"Hugh Bednar\"}',2,'1980-07-08 01:16:38','2020-07-25 21:45:55'),(29,64,'https://dropbox/vk/eos.mp3',5810958,'{\"owner\": \"Brandi Collins\"}',3,'1985-11-23 21:22:54','2020-07-25 21:45:55'),(30,13,'https://dropbox/vk/perferendis.mpg',2253895,'{\"owner\": \"Rachel Skiles\"}',1,'2013-11-18 16:51:29','2020-07-25 21:45:55'),(31,76,'https://dropbox/vk/dolor.mp3',9808745,'{\"owner\": \"Alex Ebert\"}',3,'1991-01-09 03:13:15','2020-07-25 21:45:55'),(32,37,'https://dropbox/vk/ut.jpg',613120,'{\"owner\": \"Asa Watsica\"}',3,'1973-08-05 05:34:47','2020-07-25 21:45:55'),(33,60,'https://dropbox/vk/id.mp3',970209400,'{\"owner\": \"Nathen Runte\"}',2,'1972-09-21 08:13:22','2020-07-25 21:45:55'),(34,86,'https://dropbox/vk/sequi.mp3',68506385,'{\"owner\": \"Alexanne Bailey\"}',2,'1972-03-02 22:54:01','2020-07-25 21:45:55'),(35,49,'https://dropbox/vk/rerum.avi',357288,'{\"owner\": \"Coralie Jacobi\"}',3,'1971-01-22 16:00:17','2020-07-25 21:45:55'),(36,88,'https://dropbox/vk/non.mp3',4542121,'{\"owner\": \"Matilde Schowalter\"}',1,'1978-05-21 23:41:56','2020-07-25 21:45:55'),(37,90,'https://dropbox/vk/minus.jpg',937082,'{\"owner\": \"Fermin Brakus\"}',1,'1987-04-07 11:08:37','2020-07-25 21:45:55'),(38,89,'https://dropbox/vk/quia.mpg',603545,'{\"owner\": \"Mafalda Braun\"}',3,'1974-04-07 05:44:57','2020-07-25 21:45:55'),(39,72,'https://dropbox/vk/officia.mp3',72987384,'{\"owner\": \"Declan Legros\"}',1,'2000-07-12 06:08:03','2020-07-25 21:45:55'),(40,92,'https://dropbox/vk/reiciendis.mp3',196481,'{\"owner\": \"Urban Emmerich\"}',2,'1999-11-22 09:11:16','2020-07-25 21:45:55'),(41,45,'https://dropbox/vk/et.jpg',610392874,'{\"owner\": \"Bruce Ullrich\"}',1,'2018-05-06 20:49:38','2020-07-25 21:45:55'),(42,49,'https://dropbox/vk/molestiae.jpg',21897760,'{\"owner\": \"Coralie Jacobi\"}',2,'1976-12-30 14:08:31','2020-07-25 21:45:55'),(43,8,'https://dropbox/vk/repellendus.mp3',435015052,'{\"owner\": \"Furman Mayer\"}',2,'2008-06-14 23:48:46','2020-07-25 21:45:55'),(44,91,'https://dropbox/vk/quia.mp3',429233,'{\"owner\": \"Bennett Huels\"}',1,'1989-03-23 19:54:49','2020-07-25 21:45:55'),(45,33,'https://dropbox/vk/vero.mpg',161772,'{\"owner\": \"Vida Lindgren\"}',1,'1976-02-19 21:39:22','2020-07-25 21:45:55'),(46,92,'https://dropbox/vk/modi.mp3',67689,'{\"owner\": \"Urban Emmerich\"}',2,'1973-01-27 13:34:17','2020-07-25 21:45:55'),(47,58,'https://dropbox/vk/consectetur.avi',209414,'{\"owner\": \"Cletus Greenholt\"}',1,'2015-01-07 14:55:49','2020-07-25 21:45:55'),(48,16,'https://dropbox/vk/aliquam.mp3',37225680,'{\"owner\": \"Idell Romaguera\"}',3,'2001-09-04 03:06:25','2020-07-25 21:45:55'),(49,4,'https://dropbox/vk/est.jpg',551758,'{\"owner\": \"Arvid Nolan\"}',3,'1986-03-10 21:58:05','2020-07-25 21:45:55'),(50,71,'https://dropbox/vk/corporis.mpg',120547,'{\"owner\": \"Dariana Klocko\"}',2,'1995-02-15 03:08:58','2020-07-25 21:45:55'),(51,45,'https://dropbox/vk/dolorem.mp3',937460,'{\"owner\": \"Bruce Ullrich\"}',1,'2002-03-18 12:43:34','2020-07-25 21:45:55'),(52,10,'https://dropbox/vk/error.mpg',6286379,'{\"owner\": \"Nova Predovic\"}',1,'2011-12-29 19:42:21','2020-07-25 21:45:55'),(53,16,'https://dropbox/vk/voluptatem.jpg',569557,'{\"owner\": \"Idell Romaguera\"}',3,'1984-10-08 08:55:43','2020-07-25 21:45:55'),(54,47,'https://dropbox/vk/debitis.avi',7373685,'{\"owner\": \"Janelle Ernser\"}',1,'2015-09-17 10:17:21','2020-07-25 21:45:55'),(55,86,'https://dropbox/vk/at.jpg',54249752,'{\"owner\": \"Alexanne Bailey\"}',2,'1992-10-16 22:29:09','2020-07-25 21:45:55'),(56,90,'https://dropbox/vk/sed.mp3',315659,'{\"owner\": \"Fermin Brakus\"}',1,'1982-11-26 10:17:25','2020-07-25 21:45:55'),(57,91,'https://dropbox/vk/eum.avi',755918,'{\"owner\": \"Bennett Huels\"}',3,'2016-12-10 11:23:08','2020-07-25 21:45:55'),(58,87,'https://dropbox/vk/doloremque.avi',61699,'{\"owner\": \"Pearlie McCullough\"}',1,'1993-05-25 09:37:20','2020-07-25 21:45:55'),(59,58,'https://dropbox/vk/ad.mpg',237749414,'{\"owner\": \"Cletus Greenholt\"}',1,'2002-10-31 20:01:39','2020-07-25 21:45:55'),(60,30,'https://dropbox/vk/qui.avi',371160020,'{\"owner\": \"Leonard Jacobi\"}',1,'2010-01-22 05:22:03','2020-07-25 21:45:55'),(61,74,'https://dropbox/vk/accusantium.mpg',81419749,'{\"owner\": \"Serena Reynolds\"}',2,'1972-02-12 23:11:14','2020-07-25 21:45:55'),(62,81,'https://dropbox/vk/voluptatem.jpg',92749051,'{\"owner\": \"Elena Gleason\"}',1,'1974-12-11 21:03:23','2020-07-25 21:45:55'),(63,80,'https://dropbox/vk/nam.jpg',5779725,'{\"owner\": \"Alysson Swaniawski\"}',2,'1975-10-01 16:41:52','2020-07-25 21:45:55'),(64,59,'https://dropbox/vk/dolore.mpg',4978,'{\"owner\": \"Lenna Hane\"}',1,'1982-11-12 13:25:21','2020-07-25 21:45:55'),(65,53,'https://dropbox/vk/consequatur.avi',822611,'{\"owner\": \"Taylor Considine\"}',2,'1979-12-12 15:45:19','2020-07-25 21:45:55'),(66,90,'https://dropbox/vk/dolorum.avi',3275,'{\"owner\": \"Fermin Brakus\"}',3,'1995-06-26 05:07:55','2020-07-25 21:45:55'),(67,89,'https://dropbox/vk/rem.jpg',835302,'{\"owner\": \"Mafalda Braun\"}',3,'2011-12-18 14:11:43','2020-07-25 21:45:55'),(68,74,'https://dropbox/vk/laudantium.avi',86645913,'{\"owner\": \"Serena Reynolds\"}',2,'1994-12-14 21:09:26','2020-07-25 21:45:55'),(69,1,'https://dropbox/vk/aut.mp3',698677,'{\"owner\": \"Oda Gleason\"}',3,'2011-07-29 04:11:52','2020-07-25 21:45:55'),(70,85,'https://dropbox/vk/consequatur.mp3',707763,'{\"owner\": \"Jonas Kunze\"}',1,'1997-06-11 12:13:14','2020-07-25 21:45:55'),(71,21,'https://dropbox/vk/ea.mp3',625133,'{\"owner\": \"Jeremy Prohaska\"}',3,'1971-08-16 13:25:43','2020-07-25 21:45:55'),(72,48,'https://dropbox/vk/et.mp3',97008237,'{\"owner\": \"Florian Keebler\"}',1,'2013-06-13 16:23:13','2020-07-25 21:45:55'),(73,79,'https://dropbox/vk/quod.avi',977481,'{\"owner\": \"Micah Kunze\"}',2,'2000-09-07 23:18:19','2020-07-25 21:45:55'),(74,48,'https://dropbox/vk/nulla.jpg',781375,'{\"owner\": \"Florian Keebler\"}',1,'1996-10-19 22:21:30','2020-07-25 21:45:55'),(75,3,'https://dropbox/vk/quas.jpg',22236,'{\"owner\": \"Kolby Wyman\"}',1,'1979-05-14 06:42:28','2020-07-25 21:45:55'),(76,70,'https://dropbox/vk/rem.avi',964432,'{\"owner\": \"Tressie Zboncak\"}',2,'2020-02-17 14:06:51','2020-07-25 21:45:55'),(77,43,'https://dropbox/vk/soluta.mp3',58175,'{\"owner\": \"Elvera Rice\"}',3,'2012-09-16 19:45:46','2020-07-25 21:45:55'),(78,4,'https://dropbox/vk/natus.avi',468035,'{\"owner\": \"Arvid Nolan\"}',2,'2016-03-20 03:00:58','2020-07-25 21:45:55'),(79,89,'https://dropbox/vk/quia.avi',436881,'{\"owner\": \"Mafalda Braun\"}',1,'1982-10-14 21:13:16','2020-07-25 21:45:55'),(80,35,'https://dropbox/vk/enim.avi',953735,'{\"owner\": \"Ernesto Herman\"}',2,'1989-07-16 05:43:45','2020-07-25 21:45:55'),(81,4,'https://dropbox/vk/quos.avi',770299,'{\"owner\": \"Arvid Nolan\"}',1,'1981-10-16 12:17:45','2020-07-25 21:45:55'),(82,18,'https://dropbox/vk/dolores.mp3',142127,'{\"owner\": \"Amira Krajcik\"}',2,'1974-03-30 09:15:37','2020-07-25 21:45:55'),(83,75,'https://dropbox/vk/sunt.avi',1642,'{\"owner\": \"Pietro Doyle\"}',3,'1998-11-21 14:34:16','2020-07-25 21:45:55'),(84,20,'https://dropbox/vk/ex.jpg',37919,'{\"owner\": \"Joany Champlin\"}',2,'1987-04-16 08:51:08','2020-07-25 21:45:55'),(85,77,'https://dropbox/vk/at.mpg',489487,'{\"owner\": \"Kristian Nicolas\"}',1,'1975-02-22 01:17:30','2020-07-25 21:45:55'),(86,25,'https://dropbox/vk/sunt.mp3',290563764,'{\"owner\": \"Josianne Botsford\"}',2,'1980-01-18 09:10:05','2020-07-25 21:45:55'),(87,91,'https://dropbox/vk/facere.mp3',530853,'{\"owner\": \"Bennett Huels\"}',1,'2009-03-17 04:01:13','2020-07-25 21:45:55'),(88,80,'https://dropbox/vk/illo.mpg',3166,'{\"owner\": \"Alysson Swaniawski\"}',2,'1970-09-05 20:43:53','2020-07-25 21:45:55'),(89,29,'https://dropbox/vk/dolorem.avi',333371,'{\"owner\": \"Adelbert Krajcik\"}',1,'1990-09-25 17:24:25','2020-07-25 21:45:55'),(90,1,'https://dropbox/vk/ad.jpg',64293,'{\"owner\": \"Oda Gleason\"}',2,'2013-11-28 12:12:40','2020-07-25 21:45:55'),(91,18,'https://dropbox/vk/accusamus.mp3',7037,'{\"owner\": \"Amira Krajcik\"}',2,'2008-09-06 14:37:54','2020-07-25 21:45:55'),(92,88,'https://dropbox/vk/iste.mpg',2050,'{\"owner\": \"Matilde Schowalter\"}',1,'1982-07-08 17:37:33','2020-07-25 21:45:55'),(93,87,'https://dropbox/vk/eos.mpg',42326,'{\"owner\": \"Pearlie McCullough\"}',1,'2015-09-25 01:42:57','2020-07-25 21:45:55'),(94,68,'https://dropbox/vk/aut.mpg',902834,'{\"owner\": \"Hugh Bednar\"}',1,'2001-09-12 04:26:15','2020-07-25 21:45:55'),(95,80,'https://dropbox/vk/sed.mp3',7448,'{\"owner\": \"Alysson Swaniawski\"}',1,'2002-02-20 19:58:24','2020-07-25 21:45:55'),(96,95,'https://dropbox/vk/et.mpg',87426920,'{\"owner\": \"Enola Schmeler\"}',3,'2006-04-02 22:43:56','2020-07-25 21:45:55'),(97,36,'https://dropbox/vk/id.avi',9520040,'{\"owner\": \"Gayle Hoppe\"}',3,'1988-04-11 11:54:30','2020-07-25 21:45:55'),(98,95,'https://dropbox/vk/dicta.avi',68484265,'{\"owner\": \"Enola Schmeler\"}',1,'2009-08-01 23:24:13','2020-07-25 21:45:55'),(99,64,'https://dropbox/vk/impedit.mp3',311353,'{\"owner\": \"Brandi Collins\"}',2,'2012-04-26 10:11:17','2020-07-25 21:45:55'),(100,38,'https://dropbox/vk/et.mp3',64078629,'{\"owner\": \"Deangelo Stark\"}',1,'2013-02-08 00:46:59','2020-07-25 21:45:55'),(101,94,'https://dropbox/vk/ipsum.jpg',353887,'{\"owner\": \"Rusty Abshire\"}',1,'2006-01-01 21:31:20','2020-07-25 21:45:55'),(102,57,'https://dropbox/vk/et.avi',825376,'{\"owner\": \"Florida Littel\"}',3,'2005-01-13 19:23:54','2020-07-25 21:45:55'),(103,3,'https://dropbox/vk/rerum.jpg',55219,'{\"owner\": \"Kolby Wyman\"}',1,'1995-12-30 20:39:01','2020-07-25 21:45:55'),(104,42,'https://dropbox/vk/quis.mp3',869782146,'{\"owner\": \"Janet Von\"}',2,'2013-05-11 15:41:21','2020-07-25 21:45:55'),(105,3,'https://dropbox/vk/omnis.jpg',309567,'{\"owner\": \"Kolby Wyman\"}',1,'1973-05-31 21:16:23','2020-07-25 21:45:55'),(106,89,'https://dropbox/vk/qui.mp3',8119309,'{\"owner\": \"Mafalda Braun\"}',1,'2005-12-17 17:19:13','2020-07-25 21:45:55'),(107,33,'https://dropbox/vk/nesciunt.mpg',789969,'{\"owner\": \"Vida Lindgren\"}',3,'1973-05-04 19:17:25','2020-07-25 21:45:55'),(108,97,'https://dropbox/vk/dolor.mpg',774189,'{\"owner\": \"Harmony Olson\"}',1,'2015-05-12 23:55:10','2020-07-25 21:45:55'),(109,84,'https://dropbox/vk/sit.mpg',560724053,'{\"owner\": \"Julian Robel\"}',1,'1998-08-17 08:23:59','2020-07-25 21:45:55'),(110,32,'https://dropbox/vk/et.mpg',5279,'{\"owner\": \"Sam Satterfield\"}',1,'1970-02-09 04:38:48','2020-07-25 21:45:55'),(111,6,'https://dropbox/vk/in.avi',26290,'{\"owner\": \"Kasandra Cormier\"}',3,'2015-12-06 23:49:50','2020-07-25 21:45:55'),(112,33,'https://dropbox/vk/repudiandae.mpg',491039,'{\"owner\": \"Vida Lindgren\"}',1,'1990-01-16 00:11:58','2020-07-25 21:45:55'),(113,45,'https://dropbox/vk/iure.jpg',5929,'{\"owner\": \"Bruce Ullrich\"}',2,'1970-04-28 01:27:04','2020-07-25 21:45:55'),(114,27,'https://dropbox/vk/possimus.mp3',122629,'{\"owner\": \"Eloy Jones\"}',3,'1991-09-03 13:24:06','2020-07-25 21:45:55'),(115,98,'https://dropbox/vk/provident.mpg',130029,'{\"owner\": \"Wilma Kuhic\"}',1,'1980-12-26 21:24:45','2020-07-25 21:45:55'),(116,8,'https://dropbox/vk/officia.mp3',272258,'{\"owner\": \"Furman Mayer\"}',3,'2014-04-28 05:58:47','2020-07-25 21:45:55'),(117,47,'https://dropbox/vk/consequatur.avi',787288,'{\"owner\": \"Janelle Ernser\"}',3,'1996-03-21 11:34:51','2020-07-25 21:45:55'),(118,8,'https://dropbox/vk/et.jpg',5736,'{\"owner\": \"Furman Mayer\"}',1,'1987-03-10 16:43:42','2020-07-25 21:45:55'),(119,100,'https://dropbox/vk/non.mp3',3033145,'{\"owner\": \"Joaquin Schroeder\"}',1,'2016-06-10 14:17:35','2020-07-25 21:45:55'),(120,77,'https://dropbox/vk/aut.jpg',961201,'{\"owner\": \"Kristian Nicolas\"}',2,'1972-11-16 19:02:19','2020-07-25 21:45:55'),(121,83,'https://dropbox/vk/exercitationem.mpg',813247,'{\"owner\": \"Ephraim Hyatt\"}',1,'2010-05-21 10:38:06','2020-07-25 21:45:55'),(122,83,'https://dropbox/vk/et.mpg',979235,'{\"owner\": \"Ephraim Hyatt\"}',2,'2004-02-27 15:35:17','2020-07-25 21:45:55'),(123,66,'https://dropbox/vk/sint.avi',1002572,'{\"owner\": \"Wyman Hirthe\"}',2,'1984-03-15 13:48:25','2020-07-25 21:45:55'),(124,80,'https://dropbox/vk/impedit.avi',2983434,'{\"owner\": \"Alysson Swaniawski\"}',2,'1971-12-20 00:01:19','2020-07-25 21:45:55'),(125,3,'https://dropbox/vk/ut.mp3',58476,'{\"owner\": \"Kolby Wyman\"}',3,'2018-10-13 08:49:29','2020-07-25 21:45:55'),(126,75,'https://dropbox/vk/sed.jpg',65154,'{\"owner\": \"Pietro Doyle\"}',3,'1976-01-01 23:12:36','2020-07-25 21:45:55'),(127,63,'https://dropbox/vk/consequuntur.avi',308054,'{\"owner\": \"Brook Murazik\"}',3,'2017-03-05 04:40:44','2020-07-25 21:45:55'),(128,92,'https://dropbox/vk/non.avi',334811,'{\"owner\": \"Urban Emmerich\"}',3,'2015-12-05 11:03:02','2020-07-25 21:45:55'),(129,69,'https://dropbox/vk/explicabo.mpg',739893,'{\"owner\": \"Dominic Lubowitz\"}',1,'1995-02-25 18:35:01','2020-07-25 21:45:55'),(130,69,'https://dropbox/vk/voluptas.mpg',685032,'{\"owner\": \"Dominic Lubowitz\"}',1,'1984-01-16 04:06:01','2020-07-25 21:45:55'),(131,38,'https://dropbox/vk/distinctio.jpg',58555823,'{\"owner\": \"Deangelo Stark\"}',3,'2009-01-22 07:45:11','2020-07-25 21:45:55'),(132,81,'https://dropbox/vk/sapiente.mp3',195481,'{\"owner\": \"Elena Gleason\"}',1,'2012-05-01 20:10:45','2020-07-25 21:45:55'),(133,90,'https://dropbox/vk/sed.avi',91250,'{\"owner\": \"Fermin Brakus\"}',2,'1984-07-16 19:07:31','2020-07-25 21:45:55'),(134,8,'https://dropbox/vk/rerum.jpg',76111,'{\"owner\": \"Furman Mayer\"}',3,'1972-04-05 06:46:12','2020-07-25 21:45:55'),(135,70,'https://dropbox/vk/quam.avi',912311,'{\"owner\": \"Tressie Zboncak\"}',2,'1994-05-06 03:16:56','2020-07-25 21:45:55'),(136,25,'https://dropbox/vk/voluptas.mp3',965114,'{\"owner\": \"Josianne Botsford\"}',3,'1988-12-31 23:14:47','2020-07-25 21:45:55'),(137,14,'https://dropbox/vk/aut.mp3',78635,'{\"owner\": \"Stanford Harber\"}',3,'1976-03-24 15:49:38','2020-07-25 21:45:55'),(138,96,'https://dropbox/vk/nesciunt.jpg',487835,'{\"owner\": \"Arielle Anderson\"}',2,'1987-05-05 13:23:57','2020-07-25 21:45:55'),(139,37,'https://dropbox/vk/unde.mp3',776545,'{\"owner\": \"Asa Watsica\"}',3,'2001-07-26 05:58:48','2020-07-25 21:45:55'),(140,95,'https://dropbox/vk/non.jpg',193268,'{\"owner\": \"Enola Schmeler\"}',3,'1990-01-02 06:17:39','2020-07-25 21:45:55'),(141,63,'https://dropbox/vk/mollitia.mp3',492837,'{\"owner\": \"Brook Murazik\"}',1,'2010-05-20 04:34:08','2020-07-25 21:45:55'),(142,32,'https://dropbox/vk/adipisci.avi',49107173,'{\"owner\": \"Sam Satterfield\"}',1,'1995-05-28 23:27:31','2020-07-25 21:45:55'),(143,71,'https://dropbox/vk/deserunt.mpg',74810964,'{\"owner\": \"Dariana Klocko\"}',2,'2018-01-02 23:28:57','2020-07-25 21:45:55'),(144,58,'https://dropbox/vk/sint.avi',874382,'{\"owner\": \"Cletus Greenholt\"}',1,'2007-02-07 21:56:12','2020-07-25 21:45:55'),(145,74,'https://dropbox/vk/officiis.mp3',3744,'{\"owner\": \"Serena Reynolds\"}',3,'1997-07-08 07:03:53','2020-07-25 21:45:55'),(146,97,'https://dropbox/vk/eius.mpg',2052,'{\"owner\": \"Harmony Olson\"}',2,'1985-10-14 07:12:19','2020-07-25 21:45:55'),(147,63,'https://dropbox/vk/aliquam.mpg',883399,'{\"owner\": \"Brook Murazik\"}',1,'2002-02-12 12:33:02','2020-07-25 21:45:55'),(148,23,'https://dropbox/vk/omnis.mp3',783849,'{\"owner\": \"Adolph Kuhic\"}',3,'1982-09-10 08:31:46','2020-07-25 21:45:55'),(149,27,'https://dropbox/vk/velit.mp3',259051,'{\"owner\": \"Eloy Jones\"}',1,'2010-07-30 10:35:27','2020-07-25 21:45:55'),(150,65,'https://dropbox/vk/non.jpg',2701498,'{\"owner\": \"Dorothea Volkman\"}',1,'2014-05-18 02:29:07','2020-07-25 21:45:55'),(151,43,'https://dropbox/vk/sapiente.jpg',11027,'{\"owner\": \"Elvera Rice\"}',3,'1980-09-06 22:27:51','2020-07-25 21:45:55'),(152,21,'https://dropbox/vk/culpa.avi',11370096,'{\"owner\": \"Jeremy Prohaska\"}',2,'2006-01-10 09:21:10','2020-07-25 21:45:55'),(153,76,'https://dropbox/vk/sit.mp3',5055,'{\"owner\": \"Alex Ebert\"}',1,'1989-12-18 02:01:15','2020-07-25 21:45:55'),(154,17,'https://dropbox/vk/fugiat.mp3',3689419,'{\"owner\": \"Baby Stamm\"}',3,'1992-04-21 03:28:32','2020-07-25 21:45:55'),(155,55,'https://dropbox/vk/consequatur.mpg',933706,'{\"owner\": \"Kenny Herman\"}',3,'2004-11-22 07:00:30','2020-07-25 21:45:55'),(156,23,'https://dropbox/vk/velit.mp3',789394703,'{\"owner\": \"Adolph Kuhic\"}',1,'1998-05-31 11:54:20','2020-07-25 21:45:55'),(157,50,'https://dropbox/vk/aut.avi',71452,'{\"owner\": \"Roxane Cronin\"}',1,'2005-12-28 09:23:06','2020-07-25 21:45:55'),(158,82,'https://dropbox/vk/sed.jpg',72673,'{\"owner\": \"Willis Keeling\"}',1,'1981-07-15 18:28:20','2020-07-25 21:45:55'),(159,59,'https://dropbox/vk/perferendis.avi',13549749,'{\"owner\": \"Lenna Hane\"}',3,'2017-03-21 14:06:28','2020-07-25 21:45:55'),(160,50,'https://dropbox/vk/officiis.mpg',881379,'{\"owner\": \"Roxane Cronin\"}',2,'1983-06-25 01:05:36','2020-07-25 21:45:55'),(161,72,'https://dropbox/vk/est.jpg',595776,'{\"owner\": \"Declan Legros\"}',1,'1998-02-10 18:07:40','2020-07-25 21:45:55'),(162,8,'https://dropbox/vk/eius.mpg',7961,'{\"owner\": \"Furman Mayer\"}',1,'1984-08-09 06:15:27','2020-07-25 21:45:55'),(163,22,'https://dropbox/vk/expedita.mp3',324746,'{\"owner\": \"Clarissa Cummerata\"}',2,'1990-10-14 06:15:33','2020-07-25 21:45:55'),(164,87,'https://dropbox/vk/est.jpg',826402,'{\"owner\": \"Pearlie McCullough\"}',3,'1988-05-02 11:02:36','2020-07-25 21:45:55'),(165,70,'https://dropbox/vk/voluptatem.mpg',147772,'{\"owner\": \"Tressie Zboncak\"}',2,'1977-11-09 08:22:39','2020-07-25 21:45:55'),(166,87,'https://dropbox/vk/quia.avi',9742,'{\"owner\": \"Pearlie McCullough\"}',2,'2004-12-15 13:53:40','2020-07-25 21:45:55'),(167,25,'https://dropbox/vk/magni.mp3',8031039,'{\"owner\": \"Josianne Botsford\"}',3,'1978-12-05 05:10:58','2020-07-25 21:45:55'),(168,63,'https://dropbox/vk/amet.jpg',8689540,'{\"owner\": \"Brook Murazik\"}',2,'1981-06-27 04:13:29','2020-07-25 21:45:55'),(169,41,'https://dropbox/vk/hic.mpg',249655,'{\"owner\": \"Earnest Toy\"}',2,'2002-06-11 00:33:51','2020-07-25 21:45:55'),(170,15,'https://dropbox/vk/in.avi',6639371,'{\"owner\": \"Tamara Larson\"}',1,'2007-11-26 06:02:34','2020-07-25 21:45:55'),(171,51,'https://dropbox/vk/voluptatem.mpg',16844941,'{\"owner\": \"Neva Cartwright\"}',3,'2008-05-31 12:29:24','2020-07-25 21:45:55'),(172,8,'https://dropbox/vk/explicabo.jpg',397632566,'{\"owner\": \"Furman Mayer\"}',1,'1991-01-31 07:13:54','2020-07-25 21:45:55'),(173,86,'https://dropbox/vk/quod.jpg',3926,'{\"owner\": \"Alexanne Bailey\"}',1,'1994-12-04 05:05:39','2020-07-25 21:45:55'),(174,8,'https://dropbox/vk/id.mp3',927769715,'{\"owner\": \"Furman Mayer\"}',1,'2006-05-13 21:54:38','2020-07-25 21:45:55'),(175,79,'https://dropbox/vk/quia.mpg',1414,'{\"owner\": \"Micah Kunze\"}',3,'2002-05-06 12:00:59','2020-07-25 21:45:55'),(176,74,'https://dropbox/vk/eum.mp3',10412371,'{\"owner\": \"Serena Reynolds\"}',3,'2002-06-05 03:19:52','2020-07-25 21:45:55'),(177,30,'https://dropbox/vk/ipsa.mp3',794958,'{\"owner\": \"Leonard Jacobi\"}',3,'2015-12-19 17:10:45','2020-07-25 21:45:55'),(178,27,'https://dropbox/vk/esse.mp3',215825,'{\"owner\": \"Eloy Jones\"}',3,'1992-03-02 17:55:26','2020-07-25 21:45:55'),(179,43,'https://dropbox/vk/quia.avi',684253,'{\"owner\": \"Elvera Rice\"}',2,'1987-10-17 11:45:42','2020-07-25 21:45:55'),(180,36,'https://dropbox/vk/in.jpg',7750119,'{\"owner\": \"Gayle Hoppe\"}',2,'1971-04-29 22:39:23','2020-07-25 21:45:55'),(181,51,'https://dropbox/vk/ut.mpg',769006,'{\"owner\": \"Neva Cartwright\"}',2,'2019-08-09 17:31:53','2020-07-25 21:45:55'),(182,46,'https://dropbox/vk/ab.avi',764794,'{\"owner\": \"Maxwell Satterfield\"}',2,'2015-06-10 07:23:22','2020-07-25 21:45:55'),(183,78,'https://dropbox/vk/est.avi',763792,'{\"owner\": \"Myra Stiedemann\"}',2,'2012-12-21 13:33:39','2020-07-25 21:45:55'),(184,49,'https://dropbox/vk/natus.avi',756199,'{\"owner\": \"Coralie Jacobi\"}',3,'1990-08-20 11:37:30','2020-07-25 21:45:55'),(185,13,'https://dropbox/vk/voluptates.jpg',479619,'{\"owner\": \"Rachel Skiles\"}',3,'2013-09-05 16:26:00','2020-07-25 21:45:55'),(186,17,'https://dropbox/vk/culpa.avi',2973,'{\"owner\": \"Baby Stamm\"}',1,'2006-01-16 06:26:34','2020-07-25 21:45:55'),(187,44,'https://dropbox/vk/quos.jpg',421144777,'{\"owner\": \"Colton Gutkowski\"}',2,'1978-10-16 08:43:58','2020-07-25 21:45:55'),(188,67,'https://dropbox/vk/quidem.jpg',2460102,'{\"owner\": \"Makenzie Russel\"}',2,'2018-09-14 16:39:29','2020-07-25 21:45:55'),(189,5,'https://dropbox/vk/sunt.mp3',5446,'{\"owner\": \"Frederique Will\"}',3,'2011-07-11 12:57:43','2020-07-25 21:45:55'),(190,22,'https://dropbox/vk/sed.mpg',119502,'{\"owner\": \"Clarissa Cummerata\"}',3,'2005-03-26 04:01:37','2020-07-25 21:45:55'),(191,93,'https://dropbox/vk/voluptatem.mpg',178172739,'{\"owner\": \"Tod Friesen\"}',3,'1978-06-14 19:57:06','2020-07-25 21:45:55'),(192,100,'https://dropbox/vk/enim.avi',148650,'{\"owner\": \"Joaquin Schroeder\"}',1,'1988-05-31 17:38:27','2020-07-25 21:45:55'),(193,22,'https://dropbox/vk/qui.mpg',374744,'{\"owner\": \"Clarissa Cummerata\"}',2,'2015-10-05 05:43:09','2020-07-25 21:45:55'),(194,9,'https://dropbox/vk/at.avi',417774,'{\"owner\": \"Zackery Strosin\"}',3,'1972-10-11 00:12:28','2020-07-25 21:45:55');
/*!40000 ALTER TABLE `media` ENABLE KEYS */;
UNLOCK TABLES;

--
-- Table structure for table `media_types`
--

DROP TABLE IF EXISTS `media_types`;
/*!40101 SET @saved_cs_client     = @@character_set_client */;
/*!50503 SET character_set_client = utf8mb4 */;
CREATE TABLE `media_types` (
  `id` int unsigned NOT NULL AUTO_INCREMENT COMMENT 'Идентификатор строки',
  `name` varchar(255) CHARACTER SET utf8 COLLATE utf8_unicode_ci NOT NULL COMMENT 'Название типа',
  `created_at` datetime DEFAULT CURRENT_TIMESTAMP COMMENT 'Время создания строки',
  PRIMARY KEY (`id`),
  UNIQUE KEY `name` (`name`)
) ENGINE=InnoDB AUTO_INCREMENT=4 DEFAULT CHARSET=utf8 COLLATE=utf8_unicode_ci COMMENT='Типы медиафайлов';
/*!40101 SET character_set_client = @saved_cs_client */;

--
-- Dumping data for table `media_types`
--

LOCK TABLES `media_types` WRITE;
/*!40000 ALTER TABLE `media_types` DISABLE KEYS */;
INSERT INTO `media_types` VALUES (1,'photo','2020-07-25 21:39:54'),(2,'video','2020-07-25 21:39:54'),(3,'audio','2020-07-25 21:39:54');
/*!40000 ALTER TABLE `media_types` ENABLE KEYS */;
UNLOCK TABLES;

--
-- Table structure for table `messages`
--

DROP TABLE IF EXISTS `messages`;
/*!40101 SET @saved_cs_client     = @@character_set_client */;
/*!50503 SET character_set_client = utf8mb4 */;
CREATE TABLE `messages` (
  `id` int unsigned NOT NULL AUTO_INCREMENT COMMENT 'Идентификатор строки',
  `from_user_id` int unsigned NOT NULL COMMENT 'Ссылка на отправителя сообщения',
  `to_user_id` int unsigned NOT NULL COMMENT 'Ссылка на получателя сообщения',
  `body` text CHARACTER SET utf8 COLLATE utf8_unicode_ci NOT NULL COMMENT 'Текст сообщения',
  `is_important` tinyint(1) DEFAULT NULL COMMENT 'Признак важности',
  `is_delivered` tinyint(1) DEFAULT NULL COMMENT 'Признак доставки',
  `is_modified` tinyint(1) DEFAULT NULL,
  `created_at` datetime DEFAULT CURRENT_TIMESTAMP COMMENT 'Время создания строки',
  `updated_at` datetime DEFAULT CURRENT_TIMESTAMP ON UPDATE CURRENT_TIMESTAMP COMMENT 'Время обновления строки',
  PRIMARY KEY (`id`)
) ENGINE=InnoDB AUTO_INCREMENT=111 DEFAULT CHARSET=utf8 COLLATE=utf8_unicode_ci COMMENT='Сообщения';
/*!40101 SET character_set_client = @saved_cs_client */;

--
-- Dumping data for table `messages`
--

LOCK TABLES `messages` WRITE;
/*!40000 ALTER TABLE `messages` DISABLE KEYS */;
INSERT INTO `messages` VALUES (1,73,19,'Ipsa molestiae repudiandae voluptatem quas. Numquam aut corrupti adipisci sit eum quo. Voluptatem nobis tempore ipsam asperiores dolore qui est. A repellendus nihil est dolore.',1,0,0,'2020-07-18 12:48:47','2020-07-25 21:12:46'),(2,91,53,'Dolorum est veniam omnis quas. Sunt provident dicta magnam. Placeat laborum voluptas repellendus consequuntur id qui.',1,1,0,'2020-07-18 12:48:47','2020-07-25 21:12:46'),(3,48,104,'Enim incidunt explicabo esse. Exercitationem voluptatum id et ut odio harum veritatis dolor. Magni aut laboriosam enim quo. Quidem ipsum officiis sed corrupti tempora ratione vitae libero.',0,0,1,'2020-07-18 12:48:47','2020-07-25 21:18:21'),(4,36,27,'Dolores consequatur ut dolorum molestiae aliquid. Eveniet aliquam minima repellendus. Enim debitis architecto nihil distinctio cupiditate cumque qui quibusdam.',1,0,1,'2020-07-18 12:48:47','2020-07-25 21:18:21'),(5,25,82,'Eum at accusantium ut unde sit voluptatem recusandae. Voluptas et aut debitis voluptatum modi vel.',1,1,1,'2020-07-18 12:48:47','2020-07-25 21:18:21'),(6,27,7,'Enim dignissimos eum hic illum in quia quia. Sunt deleniti dolor est dolorum velit est. Blanditiis fugit quasi vel unde beatae ut excepturi. Vel voluptatum perferendis consequuntur.',0,0,1,'2020-07-18 12:48:47','2020-07-25 21:18:21'),(7,101,24,'Est debitis perspiciatis id ex omnis odio iste. Ullam sequi ut tempora et. Nulla reprehenderit aut iusto quo.',0,1,0,'2020-07-18 12:48:47','2020-07-25 21:12:46'),(8,45,28,'Dolor fugiat omnis impedit quisquam. Voluptatem aspernatur qui reprehenderit omnis illo. Deleniti quia facilis fugit eius optio repellat dolor. Aut incidunt voluptatem eius sunt odio inventore facilis.',0,0,0,'2020-07-18 12:48:47','2020-07-25 21:12:46'),(9,22,36,'Magnam excepturi omnis magni reiciendis reiciendis rerum. Expedita quis quia qui voluptatem eos non.',1,1,1,'2020-07-18 12:48:47','2020-07-25 21:18:21'),(10,54,43,'Velit itaque neque rerum vitae consectetur optio. Est id sunt totam sit perferendis ea. Itaque et sit rerum quo incidunt nobis. Minus corrupti omnis velit consequatur et.',0,1,1,'2020-07-18 12:48:47','2020-07-25 21:18:21'),(11,19,85,'Sequi adipisci molestiae autem dicta sapiente non. Et qui assumenda culpa expedita dolores. Aliquid ipsam sint aliquam ea inventore ratione. Sit nesciunt ab adipisci quia labore et similique.',0,1,0,'2020-07-18 12:48:47','2020-07-25 21:12:46'),(12,8,64,'Aut totam possimus iure ipsum. Consequatur soluta eos ad dignissimos. Est perspiciatis aliquid error id architecto facere voluptatibus. Ipsa temporibus earum facilis esse inventore ut quia.',1,0,1,'2020-07-18 12:48:47','2020-07-25 21:18:21'),(13,20,67,'Eos quaerat perspiciatis dolores. Ipsum praesentium unde ea et voluptatem sed. Natus consequuntur non rerum eligendi beatae itaque. Quaerat velit molestiae est natus rem.',0,0,1,'2020-07-18 12:48:47','2020-07-25 21:18:21'),(14,91,38,'Labore atque in aut velit quo a omnis. Reiciendis illum fugiat placeat est consequuntur similique recusandae. Dolorem tempora amet in minus. Qui dolorem quia libero natus velit cum et.',1,0,1,'2020-07-18 12:48:47','2020-07-25 21:18:21'),(15,105,13,'Iste ut magni animi et incidunt dolorem ab ex. Suscipit porro beatae incidunt consequatur ducimus perferendis. Veritatis iure cupiditate a hic commodi aut atque aut.',1,0,1,'2020-07-18 12:48:47','2020-07-25 21:18:21'),(16,85,42,'Impedit tempora temporibus voluptatibus saepe quae fuga. Eaque accusamus voluptatem repellat tempore voluptate deserunt dolores. Vel voluptatem quis numquam officiis consequatur aut aut. Enim dolores eligendi dolore sed sint aut ipsum qui.',1,0,1,'2020-07-18 12:48:47','2020-07-25 21:18:21'),(17,66,63,'Quis iusto et voluptatibus eaque ipsam quis. Hic eum id officiis quibusdam laudantium minus dolorum. Amet quos non sunt aut.',1,0,0,'2020-07-18 12:48:47','2020-07-25 21:12:46'),(18,50,10,'Doloribus ut et tenetur. Sapiente laudantium magni unde eum. Quam debitis alias quod sint quos laborum. Modi totam voluptatem optio expedita enim quis eos necessitatibus.',1,1,0,'2020-07-18 12:48:47','2020-07-25 21:12:46'),(19,93,103,'Ipsa culpa incidunt doloremque corrupti vero doloremque. Eos qui sunt vitae omnis aut molestias vel. Quia eum qui ratione ea odit.',0,1,1,'2020-07-18 12:48:47','2020-07-25 21:18:21'),(20,66,1,'Repellendus est et aut dolores. Laboriosam labore culpa quo enim. Et beatae rerum illum non. Voluptatibus eius eos sint aut.',0,0,1,'2020-07-18 12:48:47','2020-07-25 21:18:21'),(21,8,33,'Praesentium voluptatem repellendus asperiores et qui explicabo dolor eos. Id qui quia consequuntur esse rem ea autem. Saepe voluptates in autem totam ut assumenda voluptas. Ut enim ad veritatis dolorum et et ad quo.',1,1,1,'2020-07-18 12:48:47','2020-07-25 21:18:21'),(22,54,77,'Voluptatem adipisci ut aperiam aspernatur inventore. Non non magni quis. Eum accusamus inventore quae consequuntur et voluptatum enim. Quas qui culpa repellendus libero hic id.',0,1,1,'2020-07-18 12:48:47','2020-07-25 21:18:21'),(23,37,82,'Libero excepturi quae totam accusamus nihil at. Vel provident ex impedit non quae odio eum aspernatur. Odit doloremque rem excepturi.',1,0,1,'2020-07-18 12:48:47','2020-07-25 21:18:21'),(24,90,38,'Et fugit sapiente consequatur eos fugit magni. Autem reprehenderit similique consequatur molestias. Quaerat est voluptatem labore laudantium consequatur.',1,0,0,'2020-07-18 12:48:47','2020-07-25 21:12:46'),(25,94,6,'Non adipisci sunt suscipit est. Asperiores voluptatum aut odit officiis doloremque. Iste eos amet alias eos ducimus. Et maiores harum et eum soluta consequatur et asperiores.',0,1,1,'2020-07-18 12:48:47','2020-07-25 21:18:21'),(26,21,46,'Delectus omnis ut velit. A autem repudiandae in ratione assumenda. Sit eligendi temporibus molestiae aliquid numquam repudiandae.',0,1,0,'2020-07-18 12:48:47','2020-07-25 21:12:46'),(27,18,101,'Corrupti voluptatem aspernatur pariatur qui. Eveniet placeat officia inventore nihil rerum. Labore fugiat in consequatur omnis sapiente qui. Facilis placeat commodi qui corrupti debitis et.',0,1,0,'2020-07-18 12:48:47','2020-07-25 21:12:46'),(28,54,37,'Vel quia eaque occaecati minus saepe sapiente qui facere. Dignissimos expedita tempora ratione quia autem. Quia in est minus.',1,0,0,'2020-07-18 12:48:47','2020-07-25 21:12:46'),(29,92,101,'Necessitatibus excepturi est eos omnis et amet. Non qui minus ad doloremque veritatis consequatur. Amet tempora quia suscipit officia alias error saepe. Sit quo facilis aperiam ut eaque.',0,1,1,'2020-07-18 12:48:47','2020-07-25 21:18:21'),(30,69,69,'Ut assumenda maiores nostrum quasi dolorem et. Ullam reiciendis illum odit praesentium. Ipsam atque quam est vero est ad. Eveniet alias est quod voluptatem quibusdam.',0,1,1,'2020-07-18 12:48:47','2020-07-25 21:18:21'),(31,53,34,'Eaque autem alias ipsum rem qui. Ea laudantium amet aliquam. Expedita excepturi qui nihil repellendus accusamus commodi dolorem. Quo sequi aut vero optio.',0,1,1,'2020-07-18 12:48:47','2020-07-25 21:18:21'),(32,4,76,'Animi nulla impedit et. Accusamus praesentium autem repellat. Labore dolores maiores quasi dolores. Soluta omnis occaecati id in illo.',0,0,1,'2020-07-18 12:48:47','2020-07-25 21:18:21'),(33,106,80,'Nisi qui dolorum debitis alias quo. Totam nobis ut libero reprehenderit blanditiis fugiat possimus voluptatem. Nam alias ab necessitatibus nulla. Quod qui perferendis pariatur ex aut suscipit.',1,1,1,'2020-07-18 12:48:47','2020-07-25 21:18:21'),(34,98,2,'Tempore facere pariatur iusto. Facilis aut et neque laudantium.',0,1,0,'2020-07-18 12:48:47','2020-07-25 21:12:46'),(35,93,84,'At veniam ut sequi. Eaque incidunt laboriosam quia animi a. Culpa repellat porro ab iure rerum velit vero iusto.',0,0,1,'2020-07-18 12:48:47','2020-07-25 21:18:21'),(36,31,41,'Ut sed harum natus in minima veritatis. Illo quidem consequatur similique eos rerum. Quas cumque laboriosam quo neque non similique ullam quas. Voluptas veniam commodi nesciunt at nulla repudiandae aut.',1,1,0,'2020-07-18 12:48:47','2020-07-25 21:12:46'),(37,97,98,'Et autem similique vero quia ab quidem. Dolorem et modi numquam consequatur eveniet illum veniam. Saepe deserunt est et et blanditiis.',1,1,1,'2020-07-18 12:48:47','2020-07-25 21:18:21'),(38,27,25,'Aut sunt hic ratione eos quaerat magnam. Aut facilis molestiae tenetur. Aut dolores et laborum sunt itaque voluptas quo. Ab laboriosam omnis vero voluptas numquam.',0,1,0,'2020-07-18 12:48:47','2020-07-25 21:12:46'),(39,105,36,'Ut qui exercitationem quod sed quas et voluptatem est. Mollitia assumenda dolorum omnis. Aperiam incidunt voluptatum impedit nulla nihil quis dolorem. Tenetur soluta placeat omnis quam est dolores.',0,0,0,'2020-07-18 12:48:47','2020-07-25 21:12:46'),(40,85,26,'Corporis exercitationem assumenda aspernatur earum. Molestias eum rerum ut et nulla dolor. Ex rerum rerum quisquam in omnis. Quis maxime est optio perspiciatis. Veniam culpa voluptas odio modi cupiditate earum cum.',0,0,1,'2020-07-18 12:48:47','2020-07-25 21:18:21'),(41,68,62,'Non perferendis corrupti explicabo similique ipsam nemo. At qui quos iste accusamus quisquam. In beatae assumenda aut dolore beatae. Aut at doloribus molestias voluptatem quos aut dolorem. Minima labore rerum alias sit inventore.',0,1,1,'2020-07-18 12:48:47','2020-07-25 21:18:21'),(42,16,33,'Aut quibusdam asperiores qui labore accusantium. Dolores laboriosam dolorem neque est. Facere et velit tempora sed. Aperiam aut minus laudantium veniam.',0,0,1,'2020-07-18 12:48:47','2020-07-25 21:18:21'),(43,73,8,'Est expedita et corporis commodi. Non quas quod voluptatem quia at aut dicta. Incidunt dolor veritatis quas maiores et et autem. Quae tenetur suscipit et aperiam nulla reprehenderit.',0,1,1,'2020-07-18 12:48:47','2020-07-25 21:18:21'),(44,95,100,'Quo eaque consequatur iusto non quia. Consectetur aut quasi ipsam soluta aut eligendi in sed. Vel veritatis molestias qui possimus est. Sunt vel debitis voluptatem velit id pariatur.',0,0,0,'2020-07-18 12:48:47','2020-07-25 21:12:46'),(45,21,39,'Unde repellendus tempore veniam ducimus debitis aspernatur et officia. Ipsam velit repellendus quibusdam commodi fugiat commodi tenetur. Sint ratione adipisci quia illo.',0,0,1,'2020-07-18 12:48:47','2020-07-25 21:18:21'),(46,98,78,'Tenetur ea odio et quaerat nam iusto. Id quisquam vitae excepturi omnis sed earum sed. Optio quia quas est voluptatem atque consequatur dolor.',1,1,0,'2020-07-18 12:48:47','2020-07-25 21:12:46'),(47,3,52,'Harum vero quod necessitatibus. Fugiat illum voluptatem maxime. Provident quod perspiciatis quibusdam libero commodi incidunt necessitatibus.',1,0,1,'2020-07-18 12:48:47','2020-07-25 21:18:21'),(48,2,80,'Quia ipsum officia a facere voluptate sed pariatur. Voluptas sint qui libero similique ratione voluptate impedit. Eveniet eos suscipit voluptatem aut sed voluptas.',1,1,0,'2020-07-18 12:48:47','2020-07-25 21:12:46'),(49,35,68,'Dolorem laborum ea ut voluptatem qui vel. Assumenda dolor et consequatur. Iure dignissimos non culpa consequatur qui.',0,1,0,'2020-07-18 12:48:47','2020-07-25 21:12:46'),(50,25,88,'Culpa eos corrupti iure et at et dolor. Ut illo illo ad labore iure voluptas iure reprehenderit.',0,0,1,'2020-07-18 12:48:47','2020-07-25 21:18:21'),(51,30,94,'Ab aut quia assumenda aliquam sit. Quia officia quia cumque occaecati consequatur qui.',1,1,1,'2020-07-18 12:48:47','2020-07-25 21:18:21'),(52,66,85,'Maiores voluptates inventore autem est neque unde sapiente. Illo illum repellat perspiciatis eum et fugiat. Reprehenderit quisquam earum tempore eos. Consequatur perferendis tenetur eveniet est tempore consequatur consequatur aut.',1,0,1,'2020-07-18 12:48:47','2020-07-25 21:18:21'),(53,50,42,'Repellendus cum ut impedit blanditiis voluptatem. At architecto non qui reiciendis. Id illum dolor molestias maxime maxime repellendus dicta molestias.',1,1,0,'2020-07-18 12:48:47','2020-07-25 21:12:46'),(54,7,71,'Rerum alias laborum dolorem reiciendis tempore sapiente tenetur non. Et natus fugit et. Beatae aliquam natus accusamus.',1,0,1,'2020-07-18 12:48:47','2020-07-25 21:18:21'),(55,3,79,'Dolore aut in officia ut excepturi est nesciunt. Corrupti ut alias iste temporibus dolores. Quia sint minus nihil recusandae aliquam.',0,0,1,'2020-07-18 12:48:47','2020-07-25 21:18:21'),(56,101,57,'Odio qui ut voluptatem ipsam autem ratione numquam. Distinctio molestiae mollitia officiis aperiam quis odit. Deserunt dicta maxime aliquid ut. Ratione dolor dignissimos illum et.',0,0,1,'2020-07-18 12:48:47','2020-07-25 21:18:21'),(57,75,87,'Pariatur doloremque quis quibusdam quia aut voluptate id. Dolorem facere eveniet enim sit itaque in est. Nisi dolores est reiciendis deserunt in. Eum eius qui ut ratione vel.',1,0,1,'2020-07-18 12:48:47','2020-07-25 21:18:21'),(58,95,74,'Pariatur atque est voluptate ut suscipit distinctio nesciunt. Ullam nihil est nulla facilis eligendi. Aut natus autem maiores unde vel iure.',1,1,0,'2020-07-18 12:48:47','2020-07-25 21:12:46'),(59,82,80,'Nisi esse aut cum excepturi sunt. Velit suscipit cupiditate ea sed impedit quia sequi. Facilis aut quam voluptas omnis et quasi est. Aut est consequuntur ut ex sed adipisci aliquid deleniti.',0,1,1,'2020-07-18 12:48:47','2020-07-25 21:18:21'),(60,74,8,'Veniam assumenda ipsum nulla et ipsam cumque voluptatum porro. Nihil dolor incidunt quis aut. Vero nihil tempora itaque perspiciatis.',0,0,1,'2020-07-18 12:48:47','2020-07-25 21:18:21'),(61,69,107,'Sint eius aliquam nisi omnis. Sed consectetur delectus similique. Rem aut porro debitis dolorem ut est. Ad qui aut facere assumenda qui.',0,0,0,'2020-07-18 12:48:47','2020-07-25 21:12:46'),(62,102,110,'Tempora possimus et quas id ut qui. Reprehenderit rerum laudantium est sint facilis sint. Incidunt ut distinctio nisi.',0,0,0,'2020-07-18 12:48:47','2020-07-25 21:12:46'),(63,31,10,'Adipisci ab saepe qui sapiente. Sunt ea rem porro qui sed. Molestias aspernatur molestiae veritatis. Voluptatem doloremque animi qui modi officia animi.',1,1,0,'2020-07-18 12:48:47','2020-07-25 21:12:46'),(64,85,6,'Unde fugit sunt esse amet consequatur sint debitis. Eos alias accusamus atque omnis officia laudantium. Deleniti quis facilis ut quos natus vel. Omnis iusto earum aperiam veniam. Quis unde rerum sed nostrum.',0,1,0,'2020-07-18 12:48:47','2020-07-25 21:12:46'),(65,10,3,'Nam et quo velit at animi laudantium deleniti et. Inventore commodi autem similique. Fuga consequuntur ut sint nobis. Illo placeat sed voluptatem eligendi voluptas.',0,1,0,'2020-07-18 12:48:47','2020-07-25 21:12:46'),(66,42,7,'Odio expedita magnam tempora ipsam. Qui incidunt veritatis facilis repellat. Numquam doloremque error accusantium corporis facilis modi. Eveniet optio ratione consectetur.',1,0,1,'2020-07-18 12:48:47','2020-07-25 21:18:21'),(67,41,67,'Ipsa nihil a odit fugiat. Dolorem labore alias repellendus possimus. Sed in natus est non sed et eum. Corporis quae odio neque et odio ipsam accusantium. Rerum officiis unde dolor et nesciunt.',0,0,0,'2020-07-18 12:48:47','2020-07-25 21:12:46'),(68,12,5,'Quas quam nisi est dolor explicabo qui voluptatibus. Voluptas architecto dolor quae illo quidem provident itaque. Mollitia blanditiis aut expedita placeat nobis maiores autem quidem.',0,0,0,'2020-07-18 12:48:47','2020-07-25 21:12:46'),(69,83,26,'Expedita neque voluptatem consequatur. Repudiandae quam nesciunt mollitia beatae. Iure autem quae iste ut in eos et. Excepturi ex consequatur voluptas ex eligendi. Minus eum ea dolorem.',1,1,0,'2020-07-18 12:48:47','2020-07-25 21:12:46'),(70,39,87,'Labore molestiae numquam cupiditate impedit aut. Quia esse aut alias magnam blanditiis aliquam.',1,1,1,'2020-07-18 12:48:47','2020-07-25 21:18:21'),(71,57,25,'Sed quasi est animi et repellat. Culpa nemo fuga ducimus sit. Voluptatem aut asperiores vel est voluptate fugiat nam.',1,0,1,'2020-07-18 12:48:47','2020-07-25 21:18:21'),(72,110,15,'Incidunt maiores autem molestias quisquam distinctio et adipisci dolores. Laborum cum accusantium sint quas inventore sit molestias quo. Voluptas eligendi delectus nihil rem autem suscipit iste. Quos aut deserunt autem magni cupiditate quo perspiciatis.',0,1,0,'2020-07-18 12:48:47','2020-07-25 21:12:46'),(73,88,58,'Numquam ipsam eaque aut non aut. Fugiat praesentium praesentium nulla sit consequatur vel facilis. Odio deserunt ut iste aut placeat.',0,0,1,'2020-07-18 12:48:47','2020-07-25 21:18:21'),(74,18,56,'Dolorum aut odit iste dolores nemo molestiae tenetur. Optio saepe aut autem inventore modi harum. Ut est magnam neque pariatur id. Iure libero et facere.',0,1,1,'2020-07-18 12:48:47','2020-07-25 21:18:21'),(75,62,71,'Explicabo ad ut veritatis non quia laboriosam. Unde vel impedit ad. Et praesentium sapiente ratione ut autem velit. Aspernatur nihil dolor soluta et nulla incidunt.',0,1,0,'2020-07-18 12:48:47','2020-07-25 21:12:46'),(76,47,8,'Dignissimos alias sit qui est nam. Nulla qui nihil ut rerum dolorum. Provident dolore officia qui quis animi consectetur impedit.',0,1,0,'2020-07-18 12:48:47','2020-07-25 21:12:46'),(77,79,33,'Molestiae velit minima animi eos voluptas. Cupiditate similique animi error cupiditate. Omnis omnis sunt aut vero omnis aut et.',1,0,1,'2020-07-18 12:48:47','2020-07-25 21:18:21'),(78,23,94,'Quia exercitationem culpa nobis quisquam. Perferendis sunt inventore fugit fugit et. Laborum repellat nam accusamus fugiat.',0,1,1,'2020-07-18 12:48:47','2020-07-25 21:18:21'),(79,34,82,'Voluptas asperiores esse modi rem nemo quia aut optio. Eius odio sunt maiores. Eum quasi quis explicabo harum ex sit natus necessitatibus. Eum consequuntur aut numquam expedita. Excepturi assumenda amet quia est omnis.',0,1,0,'2020-07-18 12:48:47','2020-07-25 21:12:46'),(80,58,43,'Excepturi dolor velit aliquid officiis laudantium quidem quas. Qui labore soluta iusto repellendus ducimus ut sunt. Perferendis qui consectetur laboriosam tempore velit. Ut laboriosam aspernatur assumenda qui qui blanditiis voluptatem.',0,0,0,'2020-07-18 12:48:47','2020-07-25 21:12:46'),(81,15,105,'Doloribus voluptates beatae laborum qui aut ut mollitia. Qui et quia ab assumenda dolorum dolor corporis.',0,1,1,'2020-07-18 12:48:47','2020-07-25 21:18:21'),(82,100,28,'Illo placeat voluptates dolores fugit dignissimos dolore quia quia. Architecto quasi ex nulla voluptatibus dicta blanditiis quasi. Et unde quis similique est accusamus cumque autem.',1,0,0,'2020-07-18 12:48:47','2020-07-25 21:12:46'),(83,34,34,'Deleniti quas quo quis veniam. Exercitationem velit enim quibusdam architecto voluptatum.',0,0,0,'2020-07-18 12:48:47','2020-07-25 21:12:46'),(84,105,3,'Est dolor autem omnis magnam consequatur voluptas. Ea id est nihil et vitae. Sit et praesentium optio officiis dignissimos voluptatibus enim. Blanditiis et nihil ut.',0,1,0,'2020-07-18 12:48:47','2020-07-25 21:12:46'),(85,40,44,'Consequatur officia aut error. Doloremque voluptas totam eaque asperiores repellendus voluptates. Beatae et incidunt aperiam veniam non.',1,0,0,'2020-07-18 12:48:47','2020-07-25 21:12:46'),(86,54,43,'Sed libero consequuntur voluptatem mollitia voluptates eius voluptatem. Dicta quasi porro quaerat id velit veritatis unde pariatur. Voluptatum mollitia eum cumque. Blanditiis eos dolores modi est nostrum velit.',0,1,1,'2020-07-18 12:48:47','2020-07-25 21:18:21'),(87,37,75,'Natus aliquam cupiditate velit est aut. Placeat et et natus facere ullam. Et sunt omnis in aut.',0,1,0,'2020-07-18 12:48:47','2020-07-25 21:12:46'),(88,46,32,'Eligendi laboriosam qui architecto sit. Voluptatem eaque vel veritatis quas velit. Et ut iste repellat beatae eos molestiae. Animi aut nisi et voluptas nihil aut corrupti temporibus.',0,0,0,'2020-07-18 12:48:47','2020-07-25 21:12:46'),(89,10,20,'Ab rerum quae quaerat quaerat eos similique sed. Ut nihil explicabo deleniti commodi qui neque rerum dolorem. Dolore modi veritatis soluta qui voluptas debitis omnis officiis. Distinctio voluptatem beatae adipisci ut quo et repellendus.',1,0,1,'2020-07-18 12:48:47','2020-07-25 21:18:21'),(90,108,105,'Minus amet ducimus aliquam et voluptatem quae. Et vel eum quidem sapiente dicta ipsam itaque. Est et quia voluptas et culpa et dolorum eius.',0,1,0,'2020-07-18 12:48:47','2020-07-25 21:12:46'),(91,47,53,'Et et similique voluptates dolores. Velit voluptatum perspiciatis rerum inventore. Qui at impedit dignissimos exercitationem ipsam est. Aut dolore repellat porro voluptatem ut.',1,1,0,'2020-07-18 12:48:47','2020-07-25 21:12:46'),(92,67,30,'Ex ut voluptas dolores ut. Reprehenderit maiores est aliquid repellat repellat possimus perspiciatis laboriosam. Saepe doloribus tempora cumque. Nemo possimus est eveniet quia quia et.',0,0,1,'2020-07-18 12:48:47','2020-07-25 21:18:21'),(93,6,95,'Adipisci alias sunt qui ex esse aut. Qui non quia cum eaque. Et modi est totam explicabo. Rerum fugiat dolorum laborum pariatur quaerat.',0,1,1,'2020-07-18 12:48:47','2020-07-25 21:18:21'),(94,38,42,'Maiores nesciunt quam maiores et est voluptate. Ut sed molestiae illum ab eum aut facilis. Tempora quas ut dolores enim molestiae.',1,1,1,'2020-07-18 12:48:47','2020-07-25 21:18:21'),(95,101,109,'Suscipit aperiam totam voluptatem quibusdam cum beatae voluptatibus vitae. Adipisci repellat quisquam provident consequuntur provident sed sit.',0,1,1,'2020-07-18 12:48:47','2020-07-25 21:18:21'),(96,68,102,'Deleniti repellendus facere in quis aut incidunt. Et vel occaecati odio velit incidunt. Voluptatibus officiis enim porro eum at ut exercitationem numquam.',1,1,1,'2020-07-18 12:48:47','2020-07-25 21:18:21'),(97,46,64,'Dolor cumque dolores omnis odit eligendi ut incidunt. Nulla in dolore voluptatibus et. Praesentium sunt deleniti quaerat velit.',1,1,1,'2020-07-18 12:48:47','2020-07-25 21:18:21'),(98,28,86,'Rerum ab earum eos inventore aut. Qui esse labore et sunt. Qui officia numquam molestias sunt quia ea.',0,0,1,'2020-07-18 12:48:47','2020-07-25 21:18:21'),(99,77,103,'Qui et dolorem omnis fugit quibusdam aut amet. Occaecati repellat quia tempore nihil quo. Quia non aperiam voluptas.',0,0,1,'2020-07-18 12:48:47','2020-07-25 21:18:21'),(100,32,35,'Ut veniam explicabo ducimus sunt omnis sed. Eum hic dolores aperiam eius architecto. Rerum et omnis rem quia ut voluptates suscipit. Ipsum iusto vel cumque adipisci rerum. Dolore ab accusantium qui doloremque.',0,0,1,'2020-07-18 12:48:47','2020-07-25 21:18:21'),(101,18,30,'Recusandae culpa et provident est sit architecto. Fuga voluptas odio perspiciatis. Alias deleniti et voluptate ab. Quo et aut ea.',1,1,0,'2020-07-18 12:48:47','2020-07-25 21:12:46'),(102,89,56,'Quam est et assumenda ducimus sapiente. Qui sed excepturi quasi soluta. Nulla sed sit dignissimos.',0,1,1,'2020-07-18 12:48:47','2020-07-25 21:18:21'),(103,74,16,'Aliquid exercitationem est voluptate molestias debitis. Asperiores vitae labore illum soluta quis dolor dolor. Possimus nemo placeat iure repellendus. Voluptatum et atque nihil voluptas quasi qui.',0,0,0,'2020-07-18 12:48:47','2020-07-25 21:12:46'),(104,68,100,'Dicta vel ipsa sint. Possimus sapiente dolores vel rerum ipsam. Voluptas sed facilis quam mollitia est.',0,1,1,'2020-07-18 12:48:47','2020-07-25 21:18:21'),(105,65,58,'Vitae eveniet dolorum asperiores corporis ut molestias aut aut. Est consequatur aut hic rerum. Deleniti aliquam odio illum atque quos enim est maiores.',1,1,1,'2020-07-18 12:48:47','2020-07-25 21:18:21'),(106,31,36,'Et sint libero fugit ipsum quod. Ullam laborum sunt ipsam iure ipsam voluptas eum. Accusantium aliquam corrupti et et.',1,1,0,'2020-07-18 12:48:47','2020-07-25 21:12:46'),(107,56,53,'Est minima ut ullam repudiandae sint occaecati sed minus. Qui error magni voluptatem sint officia. Itaque laborum sit esse perspiciatis ut.',1,1,0,'2020-07-18 12:48:47','2020-07-25 21:12:46'),(108,48,50,'Dolorem unde a animi autem. Sed et non voluptas ut harum asperiores in. Quasi quo repellendus omnis autem suscipit.',1,1,0,'2020-07-18 12:48:47','2020-07-25 21:12:46'),(109,67,85,'Velit expedita provident ut iure ut aliquid. Voluptas perspiciatis architecto illum odio ipsum illo culpa. Doloremque est iusto numquam perferendis. Unde architecto aliquam est nesciunt omnis voluptas pariatur.',0,1,0,'2020-07-18 12:48:47','2020-07-25 21:12:46'),(110,96,1,'Quae tempore tempora eum qui. Expedita aut asperiores esse libero commodi excepturi. Blanditiis dolorem aut id non.',0,1,1,'2020-07-18 12:48:47','2020-07-25 21:18:21');
/*!40000 ALTER TABLE `messages` ENABLE KEYS */;
UNLOCK TABLES;

--
-- Table structure for table `profiles`
--

DROP TABLE IF EXISTS `profiles`;
/*!40101 SET @saved_cs_client     = @@character_set_client */;
/*!50503 SET character_set_client = utf8mb4 */;
CREATE TABLE `profiles` (
  `user_id` int unsigned NOT NULL COMMENT 'Ссылка на пользователя',
  `gender` char(1) CHARACTER SET utf8 COLLATE utf8_unicode_ci NOT NULL COMMENT 'Пол',
  `birthday` date DEFAULT NULL COMMENT 'Дата рождения',
  `photo_id` int unsigned DEFAULT NULL COMMENT 'Ссылка на основную фотографию пользователя',
  `city` varchar(130) CHARACTER SET utf8 COLLATE utf8_unicode_ci DEFAULT NULL COMMENT 'Город проживания',
  `country` varchar(130) CHARACTER SET utf8 COLLATE utf8_unicode_ci DEFAULT NULL COMMENT 'Страна проживания',
  `updated_at` datetime DEFAULT CURRENT_TIMESTAMP ON UPDATE CURRENT_TIMESTAMP COMMENT 'Время обновления строки',
  PRIMARY KEY (`user_id`)
) ENGINE=InnoDB DEFAULT CHARSET=utf8 COLLATE=utf8_unicode_ci COMMENT='Профили';
/*!40101 SET character_set_client = @saved_cs_client */;

--
-- Dumping data for table `profiles`
--

LOCK TABLES `profiles` WRITE;
/*!40000 ALTER TABLE `profiles` DISABLE KEYS */;
INSERT INTO `profiles` VALUES (1,'f','1999-05-09',89,'Lake Jovannyside','Iraq','1972-09-10 15:31:01'),(2,'m','2011-07-30',98,'New Elfrieda','Swaziland','2015-07-19 14:24:06'),(3,'m','1985-02-15',21,'Dejahfurt','United Kingdom','2011-09-28 19:45:55'),(4,'f','1977-01-04',51,'Kalliefurt','Egypt','1973-06-15 10:37:11'),(5,'m','1977-07-29',50,'Ardenside','Macedonia','1987-05-31 16:58:05'),(6,'m','1998-01-05',43,'Mckaylabury','Myanmar','1984-07-08 09:02:13'),(7,'m','1996-10-10',51,'Korystad','Saint Barthelemy','2000-11-03 04:20:59'),(8,'m','1981-07-10',110,'Victoriachester','Saint Martin','2005-07-17 09:52:32'),(9,'f','2005-02-23',74,'Carrollfurt','Vietnam','1996-03-27 16:03:22'),(10,'m','1978-09-06',26,'Doylebury','Haiti','1973-02-16 05:28:55'),(11,'f','1985-08-03',34,'New Alexandrinefort','Cape Verde','2000-10-16 21:51:40'),(12,'f','1971-08-04',74,'Buddyborough','United States Minor Outlying Islands','1997-08-12 12:23:49'),(13,'m','1989-06-11',3,'Port Albert','Dominica','2019-05-17 18:35:15'),(14,'f','1987-03-05',29,'East Ivory','Czech Republic','2000-04-16 00:04:35'),(15,'f','2016-08-31',74,'North Antoniaberg','Saint Martin','2018-05-15 03:32:51'),(16,'f','2002-08-16',53,'Wilberton','United Arab Emirates','1984-11-28 00:51:57'),(17,'m','1973-08-16',70,'North Vincenza','Central African Republic','2005-05-16 12:38:32'),(18,'f','2016-03-07',86,'Aylamouth','Bhutan','1995-10-21 16:56:54'),(19,'m','2015-07-25',36,'Bertramfort','French Guiana','2015-03-01 07:46:58'),(20,'m','2001-08-08',27,'Cronamouth','Monaco','1987-12-25 09:04:06'),(21,'m','2003-03-23',108,'Wilkinsonmouth','Nauru','2015-07-17 09:13:52'),(22,'m','2006-11-21',108,'West Sierra','Andorra','2008-01-28 16:52:22'),(23,'m','1996-12-19',65,'Bashirianburgh','Morocco','1985-03-06 07:48:44'),(24,'m','2020-07-16',98,'South Tamia','Cook Islands','1975-04-18 15:24:27'),(25,'m','2015-08-23',20,'Cordeliachester','Turkmenistan','1984-06-10 06:28:39'),(26,'f','1993-08-01',97,'Port Devenland','Bolivia','2015-08-16 08:12:35'),(27,'m','1987-03-08',43,'West Halchester','French Polynesia','2006-12-09 11:55:43'),(28,'f','2012-07-07',39,'Lake Edyth','Tonga','2003-09-23 02:22:27'),(29,'f','2001-10-08',72,'Muellerberg','Greece','1993-05-03 04:11:28'),(30,'f','1994-07-06',91,'Isabeltown','Qatar','1997-07-27 23:50:02'),(31,'m','2005-02-02',7,'Zboncakberg','Saudi Arabia','1971-12-02 00:54:39'),(32,'m','2010-01-20',92,'Port Nikolas','Ecuador','2019-07-16 12:30:38'),(33,'m','1982-01-03',36,'Hagenesfort','Mauritania','1975-02-04 01:32:56'),(34,'f','1978-01-28',80,'Colliertown','Seychelles','2000-07-20 03:41:59'),(35,'f','1984-09-14',5,'North Hazle','Haiti','1975-07-06 11:54:50'),(36,'m','1977-03-23',48,'West Rosalindton','Lesotho','1993-03-03 04:07:14'),(37,'m','2004-02-14',65,'Lake Evieborough','Equatorial Guinea','2020-01-10 19:15:23'),(38,'f','1991-11-03',22,'Lake Louisatown','Guinea','1979-03-21 13:05:34'),(39,'m','2015-04-14',76,'Rozellaland','China','2019-12-13 23:11:51'),(40,'f','1976-08-15',81,'Aleenville','Fiji','2018-04-30 23:08:08'),(41,'m','1999-04-28',40,'Lake Giovanna','Falkland Islands (Malvinas)','1988-04-21 21:02:03'),(42,'m','2005-03-13',53,'West Alannamouth','Greece','1999-01-11 06:23:41'),(43,'m','2002-09-20',66,'West Pearlieshire','Micronesia','1990-11-22 14:05:06'),(44,'m','2019-06-13',85,'Lake Sidside','San Marino','1994-01-03 13:12:35'),(45,'f','2013-01-08',13,'Port Retamouth','El Salvador','2003-09-01 07:50:37'),(46,'m','1996-09-06',82,'Jomouth','Morocco','1981-01-19 20:26:30'),(47,'f','1975-04-30',10,'Lake Elainaborough','Grenada','2006-12-27 14:06:16'),(48,'f','1970-06-25',86,'Edwinberg','Taiwan','2019-07-23 22:52:46'),(49,'f','2015-08-24',37,'Johnsstad','Japan','2010-11-27 11:50:49'),(50,'m','2000-12-19',61,'West Aminachester','Belarus','2007-04-03 18:50:43'),(51,'f','1983-03-06',15,'South Altashire','Nigeria','2008-01-24 10:04:09'),(52,'m','2000-06-21',31,'Port Travis','Cape Verde','2012-11-03 04:38:18'),(53,'m','2014-04-25',20,'Clemmiestad','Bosnia and Herzegovina','1979-07-10 03:53:20'),(54,'m','1977-09-27',63,'Port Jesse','Andorra','1975-10-04 17:09:23'),(55,'f','1997-07-29',106,'Port Collinland','Belarus','2004-08-21 23:12:21'),(56,'f','2013-11-27',29,'Lilaland','Ireland','2015-06-16 16:00:02'),(57,'m','1996-03-30',13,'East Karlifort','Bulgaria','2019-11-19 06:52:40'),(58,'f','1989-11-06',66,'West Bernardo','Niue','1998-09-11 16:01:01'),(59,'f','2000-11-30',107,'North Dallasstad','Macao','1974-11-15 20:29:53'),(60,'m','1976-08-06',84,'Emardport','Botswana','1981-05-10 00:56:31'),(61,'f','2003-04-01',7,'East Cassie','United Kingdom','1979-04-25 12:35:40'),(62,'f','1994-03-05',61,'Elishafurt','Svalbard & Jan Mayen Islands','1997-10-28 21:27:10'),(63,'f','1985-03-30',25,'Idellview','Denmark','2017-11-09 14:06:43'),(64,'f','1984-12-07',88,'Othashire','Pakistan','2002-11-14 15:31:08'),(65,'f','1977-06-01',94,'Jazlynberg','Egypt','2019-07-31 16:13:58'),(66,'f','2007-05-23',104,'West Verner','Sri Lanka','2011-03-28 19:11:07'),(67,'m','2001-04-12',41,'Lake Fletcherville','Finland','1974-11-17 18:31:27'),(68,'m','1987-08-20',75,'South Emilieside','Myanmar','1976-05-23 05:04:11'),(69,'m','2017-07-01',108,'Enolatown','Equatorial Guinea','2016-02-03 20:34:00'),(70,'m','2009-10-12',96,'Port Destinystad','Brunei Darussalam','1998-06-01 19:11:51'),(71,'m','1976-03-02',58,'Kayceeshire','Guernsey','1992-02-06 09:07:03'),(72,'m','2013-05-12',30,'Alexhaven','Cayman Islands','2020-01-29 12:30:35'),(73,'m','2016-09-20',68,'Sierraberg','Botswana','1970-08-12 21:52:46'),(74,'m','1973-07-17',56,'New Joannyshire','Saint Vincent and the Grenadines','2003-11-14 10:26:35'),(75,'m','2014-08-04',64,'Ursulamouth','Cyprus','2011-09-26 19:32:37'),(76,'m','2006-12-31',87,'Carrollfurt','Spain','2019-04-09 18:43:37'),(77,'m','1985-10-31',103,'Parisianborough','Zimbabwe','1981-06-11 22:13:38'),(78,'f','2008-02-15',64,'New Dante','United Arab Emirates','1981-08-10 22:38:15'),(79,'f','1996-05-06',105,'New Eusebioton','Macao','1998-03-31 02:06:36'),(80,'m','1983-02-23',51,'Binsberg','Gabon','2007-10-10 22:19:22'),(81,'f','1999-10-24',10,'Camyllestad','Palau','1977-08-29 12:05:41'),(82,'m','2014-06-13',25,'New Lillianchester','Montserrat','1998-09-03 00:34:37'),(83,'m','2000-04-22',99,'Purdyhaven','Antarctica (the territory South of 60 deg S)','1992-12-07 18:45:06'),(84,'f','2000-10-19',95,'Fredrickhaven','Saint Helena','1978-05-11 19:48:03'),(85,'m','1994-08-01',15,'New Maggie','Mayotte','1975-11-23 14:33:39'),(86,'m','2014-06-23',34,'Starkshire','Azerbaijan','2002-03-31 14:00:26'),(87,'f','1970-02-19',90,'Port Glennieburgh','Madagascar','1993-12-26 04:30:52'),(88,'f','2011-03-23',39,'Spencertown','Saudi Arabia','1985-02-14 17:36:22'),(89,'f','1995-11-28',44,'North Simonetown','Swaziland','2019-06-15 03:44:09'),(90,'f','1970-04-06',77,'Bogisichtown','France','2009-12-28 21:26:36'),(91,'f','1977-11-27',110,'Nathentown','Christmas Island','2007-01-20 22:17:34'),(92,'m','2015-07-26',57,'Ryleehaven','Libyan Arab Jamahiriya','1986-03-17 09:01:27'),(93,'f','1972-05-17',107,'West Noelstad','Iceland','1979-02-04 01:55:05'),(94,'f','1993-05-09',45,'Rosariofort','Burkina Faso','1978-07-03 12:23:57'),(95,'f','2000-11-25',71,'Sipeshaven','British Virgin Islands','2001-06-01 16:25:38'),(96,'m','1983-07-13',43,'Nikkobury','British Virgin Islands','2012-12-02 09:29:10'),(97,'f','1971-10-19',89,'Port Jeffrey','Tonga','1977-05-19 19:28:58'),(98,'f','1983-12-10',84,'Dejastad','El Salvador','2005-08-24 13:27:27'),(99,'m','1992-04-07',31,'Schusterberg','Bahamas','2015-06-29 10:10:27'),(100,'f','1982-01-26',85,'Jairofurt','Holy See (Vatican City State)','1999-03-10 12:22:57'),(101,'m','2001-10-09',62,'South Vern','Liechtenstein','1977-12-01 02:01:47'),(102,'m','2010-01-06',82,'Trudieland','Liechtenstein','1971-04-05 17:26:54'),(103,'m','1982-09-17',78,'Oberbrunnermouth','Uruguay','1997-06-22 02:09:24'),(104,'f','1985-03-12',64,'Joanyport','South Georgia and the South Sandwich Islands','2016-05-31 18:54:51'),(105,'f','1974-01-06',88,'East Drew','Colombia','1983-03-22 01:24:16'),(106,'f','2018-07-18',66,'Rocioshire','Falkland Islands (Malvinas)','2010-04-23 02:03:08'),(107,'f','2014-12-15',44,'Glenniechester','Martinique','1982-04-19 07:45:48'),(108,'f','2015-07-27',99,'East Kailee','Tokelau','2004-11-28 23:01:40'),(109,'f','2016-03-12',100,'North Charity','Norfolk Island','2011-06-19 19:22:12'),(110,'m','1986-08-28',40,'New Tyreeton','Turkmenistan','1973-02-28 07:24:44');
/*!40000 ALTER TABLE `profiles` ENABLE KEYS */;
UNLOCK TABLES;

--
-- Table structure for table `users`
--

DROP TABLE IF EXISTS `users`;
/*!40101 SET @saved_cs_client     = @@character_set_client */;
/*!50503 SET character_set_client = utf8mb4 */;
CREATE TABLE `users` (
  `id` int unsigned NOT NULL AUTO_INCREMENT COMMENT 'Идентификатор строки',
  `first_name` varchar(100) CHARACTER SET utf8 COLLATE utf8_unicode_ci NOT NULL COMMENT 'Имя пользователя',
  `last_name` varchar(100) CHARACTER SET utf8 COLLATE utf8_unicode_ci NOT NULL COMMENT 'Фамилия пользователя',
  `email` varchar(100) CHARACTER SET utf8 COLLATE utf8_unicode_ci NOT NULL COMMENT 'Почта',
  `phone` varchar(100) CHARACTER SET utf8 COLLATE utf8_unicode_ci NOT NULL COMMENT 'Телефон',
  `created_at` datetime DEFAULT CURRENT_TIMESTAMP COMMENT 'Время создания строки',
  `updated_at` datetime DEFAULT CURRENT_TIMESTAMP ON UPDATE CURRENT_TIMESTAMP COMMENT 'Время обновления строки',
  PRIMARY KEY (`id`),
  UNIQUE KEY `email` (`email`),
  UNIQUE KEY `phone` (`phone`)
) ENGINE=InnoDB AUTO_INCREMENT=111 DEFAULT CHARSET=utf8 COLLATE=utf8_unicode_ci COMMENT='Пользователи';
/*!40101 SET character_set_client = @saved_cs_client */;

--
-- Dumping data for table `users`
--

LOCK TABLES `users` WRITE;
/*!40000 ALTER TABLE `users` DISABLE KEYS */;
INSERT INTO `users` VALUES (1,'Oda','Gleason','jalyn71@example.com','478.765.4186x5658','2014-06-10 07:03:16','2017-04-10 03:13:10'),(2,'Prince','Weber','shanahan.justice@example.net','157.297.9219','2012-02-20 04:56:18','2014-01-02 15:23:55'),(3,'Kolby','Wyman','schiller.clay@example.net','(369)770-8266','2014-07-13 17:32:42','2019-11-05 07:15:53'),(4,'Arvid','Nolan','zieme.armando@example.org','357.864.8410x49802','2013-01-03 15:54:15','2013-07-14 22:43:32'),(5,'Frederique','Will','carroll.jett@example.net','(325)741-0312x724','2018-12-24 05:50:34','2020-07-25 21:02:14'),(6,'Kasandra','Cormier','babbott@example.net','1-749-975-5094','2019-09-11 02:56:37','2020-07-25 21:02:14'),(7,'Isabell','Powlowski','fern78@example.net','608.293.9200x1027','2014-02-16 11:01:38','2020-04-01 19:05:38'),(8,'Furman','Mayer','roberta.walter@example.com','(995)467-0262x17484','2016-08-06 09:42:54','2020-07-25 21:02:14'),(9,'Zackery','Strosin','linnea.muller@example.net','(331)689-1779','2010-10-22 17:49:50','2011-08-13 06:02:05'),(10,'Nova','Predovic','wiegand.audreanne@example.com','1-389-096-9459','2013-04-13 05:14:39','2014-07-13 09:57:14'),(11,'Micaela','Spencer','lafayette.oberbrunner@example.com','06044371780','2012-07-31 18:10:10','2015-09-26 01:04:45'),(12,'Lucius','Walsh','hulda.emmerich@example.org','04193543370','2017-06-27 19:16:34','2020-07-25 21:02:14'),(13,'Rachel','Skiles','wuckert.zelma@example.net','(802)127-2961x41438','2017-10-20 05:49:54','2020-07-25 21:02:14'),(14,'Stanford','Harber','hbrakus@example.org','(897)280-8844x5445','2013-10-19 05:55:31','2014-12-08 22:48:58'),(15,'Tamara','Larson','parker.dale@example.com','+88(1)4961737564','2019-11-07 05:59:48','2020-07-25 21:02:14'),(16,'Idell','Romaguera','albin21@example.com','499-759-7972x309','2017-03-26 01:20:15','2020-07-25 21:02:14'),(17,'Baby','Stamm','jameson60@example.com','535-506-1616','2018-06-05 08:33:35','2020-07-25 21:02:14'),(18,'Amira','Krajcik','keanu53@example.org','1-230-610-6204x084','2015-12-18 10:57:03','2016-10-13 13:18:53'),(19,'Adonis','Conroy','stanley.weissnat@example.org','1-864-965-9380x5076','2014-04-07 23:44:17','2020-07-25 21:02:14'),(20,'Joany','Champlin','brennon.schaden@example.net','241-714-0519','2011-08-25 15:50:38','2012-08-30 07:45:24'),(21,'Jeremy','Prohaska','cassin.ricky@example.org','+26(8)8126724274','2010-11-29 17:04:38','2013-01-14 05:11:22'),(22,'Clarissa','Cummerata','jbreitenberg@example.org','1-533-700-6338x0147','2015-07-28 22:33:54','2020-07-25 21:02:14'),(23,'Adolph','Kuhic','leffler.brannon@example.com','494-036-4951x4899','2013-02-10 18:30:02','2015-06-16 22:39:54'),(24,'Tara','Schumm','edison.jacobson@example.net','(469)853-9651x05975','2014-12-12 05:39:43','2020-06-11 19:11:40'),(25,'Josianne','Botsford','mclaughlin.harrison@example.net','1-662-863-6702','2017-11-11 09:41:02','2020-07-25 21:02:14'),(26,'Tyrell','Swaniawski','josephine.tremblay@example.org','735-507-6453x42426','2019-05-19 21:26:56','2020-07-25 21:02:14'),(27,'Eloy','Jones','xnader@example.com','+92(0)3401816120','2013-11-16 09:57:21','2020-07-25 21:02:14'),(28,'Claude','Krajcik','kendra60@example.net','(793)511-8462','2018-01-25 05:58:07','2018-08-24 15:33:45'),(29,'Adelbert','Krajcik','zemlak.deontae@example.net','1-637-176-9045x8980','2020-01-26 18:11:47','2020-07-25 21:02:14'),(30,'Leonard','Jacobi','anais.howe@example.org','735.880.3071','2014-08-15 08:00:21','2016-10-02 13:10:19'),(31,'Reina','Paucek','hansen.amari@example.org','+87(8)7530707988','2018-03-07 04:12:35','2020-05-05 16:12:57'),(32,'Sam','Satterfield','pswaniawski@example.org','1-878-973-1316','2019-05-02 02:21:27','2020-07-25 21:02:14'),(33,'Vida','Lindgren','rlittel@example.net','704-779-7534','2015-07-30 17:44:55','2020-07-25 21:02:14'),(34,'Darian','Fritsch','lilyan.gerhold@example.com','(755)733-8157x21675','2019-10-20 06:19:18','2020-07-25 21:02:14'),(35,'Ernesto','Herman','grant.sammie@example.com','1-155-197-6241x578','2016-02-17 06:04:02','2020-06-27 22:17:37'),(36,'Gayle','Hoppe','maymie16@example.net','741-997-9958x266','2017-03-01 13:27:46','2020-04-19 23:44:03'),(37,'Asa','Watsica','johns.myrl@example.com','080-358-4622x11734','2017-03-05 21:55:20','2020-07-25 21:02:14'),(38,'Deangelo','Stark','pacocha.simone@example.net','842.815.4851x43706','2012-10-13 22:56:37','2020-07-25 21:02:14'),(39,'Krystel','Predovic','orpha83@example.com','1-175-684-0650x195','2017-08-23 03:03:00','2018-10-07 07:58:02'),(40,'Antonia','Lemke','rbrekke@example.com','(047)694-4948x408','2014-07-11 06:40:11','2020-07-25 21:02:14'),(41,'Earnest','Toy','yheaney@example.org','854.563.0299x289','2019-06-12 04:43:26','2020-07-25 21:02:14'),(42,'Janet','Von','zulauf.emmanuel@example.com','1-853-602-0680x0225','2011-07-16 22:24:38','2020-02-14 21:13:26'),(43,'Elvera','Rice','candelario01@example.org','1-576-344-3451x21381','2017-01-25 22:34:15','2018-10-09 22:58:27'),(44,'Colton','Gutkowski','igusikowski@example.com','562-877-5302','2016-10-06 11:14:11','2020-07-25 21:02:14'),(45,'Bruce','Ullrich','hosea20@example.com','+44(0)6790696820','2012-10-19 01:59:07','2014-06-17 11:51:41'),(46,'Maxwell','Satterfield','chadd.stiedemann@example.org','764-495-1838','2018-07-30 00:09:22','2020-07-25 21:02:14'),(47,'Janelle','Ernser','brady42@example.com','005.630.5892','2017-10-27 18:59:58','2020-07-25 21:02:14'),(48,'Florian','Keebler','vernie32@example.net','1-452-651-1399x035','2016-11-13 17:45:36','2017-02-18 03:47:49'),(49,'Coralie','Jacobi','hermiston.brooks@example.com','(780)159-6389x969','2011-04-27 08:04:28','2014-11-15 06:27:19'),(50,'Roxane','Cronin','valentin94@example.com','370.513.0720x53586','2011-11-06 13:22:00','2019-02-10 12:35:24'),(51,'Neva','Cartwright','ukuvalis@example.net','122-052-6548x877','2015-08-31 01:16:07','2020-07-25 21:02:14'),(52,'Pattie','Kub','nkoelpin@example.net','116.318.0099','2015-11-08 05:21:19','2019-12-17 08:19:43'),(53,'Taylor','Considine','keebler.ashlynn@example.org','00882692393','2018-01-07 02:25:38','2020-07-25 21:02:14'),(54,'Efren','Funk','milan37@example.org','01245824356','2015-04-26 11:37:12','2017-11-04 08:48:29'),(55,'Kenny','Herman','hintz.marcelle@example.net','1-886-560-1430','2020-06-19 07:11:25','2020-07-25 21:02:14'),(56,'Taryn','Jones','madalyn53@example.org','(527)370-4198x5328','2014-02-18 22:01:07','2020-05-01 07:57:39'),(57,'Florida','Littel','jaclyn.thompson@example.net','(813)725-9175x58562','2019-01-22 23:03:21','2020-07-25 21:02:14'),(58,'Cletus','Greenholt','ufeil@example.net','1-368-036-6942x912','2017-08-01 14:53:22','2020-07-25 21:02:14'),(59,'Lenna','Hane','dare.van@example.net','882-117-1165','2012-01-09 06:43:59','2019-05-11 01:22:05'),(60,'Nathen','Runte','o\'kon.murray@example.com','1-002-980-0856x85801','2020-05-18 20:23:03','2020-07-25 21:02:14'),(61,'Everett','Parisian','enrique.crist@example.net','972.124.3829','2017-06-09 20:53:23','2019-02-07 17:40:05'),(62,'Kristoffer','Blick','ferry.winston@example.org','+43(9)8493848240','2016-05-24 09:38:28','2019-08-06 16:43:59'),(63,'Brook','Murazik','alvis33@example.org','228-472-1213x6431','2017-04-11 13:51:14','2019-03-07 17:19:32'),(64,'Brandi','Collins','xfahey@example.org','065.484.4625x7247','2019-01-12 21:58:40','2020-07-25 21:02:14'),(65,'Dorothea','Volkman','skiles.roma@example.net','(522)299-2683x29586','2019-11-14 13:49:07','2020-07-25 21:02:14'),(66,'Wyman','Hirthe','xbauch@example.com','(748)878-6397x74126','2019-09-27 13:39:07','2019-10-01 15:21:31'),(67,'Makenzie','Russel','percival.lind@example.com','(551)104-9643x3302','2015-03-25 18:22:54','2020-07-25 21:02:14'),(68,'Hugh','Bednar','littel.genevieve@example.net','874-925-9775x606','2018-01-19 19:38:06','2020-07-25 21:02:14'),(69,'Dominic','Lubowitz','coty.mohr@example.org','1-293-475-2018','2019-08-19 02:33:39','2019-09-27 22:23:46'),(70,'Tressie','Zboncak','bradtke.maverick@example.com','02346056698','2018-09-28 22:00:41','2020-07-08 05:28:24'),(71,'Dariana','Klocko','lacy.feest@example.org','(006)681-7721x8687','2016-02-13 15:58:32','2020-07-25 21:02:14'),(72,'Declan','Legros','hamill.melvina@example.org','790-878-6558','2011-04-08 16:16:55','2014-09-09 03:58:47'),(73,'Dejah','Ward','hhaag@example.org','976-881-0917x924','2020-05-13 00:40:44','2020-07-25 21:02:14'),(74,'Serena','Reynolds','vergie70@example.org','442.266.3910x7275','2015-07-11 11:20:01','2017-12-24 16:35:19'),(75,'Pietro','Doyle','kozey.ned@example.org','(280)492-3995x7744','2017-02-26 02:40:22','2020-07-25 21:02:14'),(76,'Alex','Ebert','ruecker.jared@example.com','08675913339','2013-12-07 02:29:56','2014-12-18 04:07:10'),(77,'Kristian','Nicolas','eheathcote@example.com','(115)071-7936x51199','2017-02-22 10:58:38','2020-07-25 21:02:14'),(78,'Myra','Stiedemann','vincent47@example.net','264-849-1125x401','2016-07-03 05:26:34','2018-01-07 02:13:46'),(79,'Micah','Kunze','kkulas@example.org','(910)954-2852x064','2011-12-20 10:07:48','2014-02-16 20:44:06'),(80,'Alysson','Swaniawski','novella.price@example.net','1-245-837-5999','2019-09-23 13:13:17','2020-07-25 21:02:14'),(81,'Elena','Gleason','ykerluke@example.com','(541)954-1086x6743','2018-12-27 22:42:06','2020-07-25 21:02:14'),(82,'Willis','Keeling','carli07@example.net','338-323-3197','2018-08-18 04:00:46','2020-07-25 21:02:14'),(83,'Ephraim','Hyatt','thiel.sunny@example.org','708.665.2077x3269','2016-05-02 22:04:04','2020-07-25 21:02:14'),(84,'Julian','Robel','josefa77@example.net','+72(9)3872188373','2012-06-02 09:29:34','2020-06-09 03:29:58'),(85,'Jonas','Kunze','xraynor@example.net','218.731.4044x1566','2012-05-24 05:05:30','2013-07-04 00:11:55'),(86,'Alexanne','Bailey','gislason.jailyn@example.org','(609)924-3483x21570','2015-08-12 10:07:26','2020-07-25 21:02:14'),(87,'Pearlie','McCullough','xwaelchi@example.net','1-697-914-2547','2015-04-19 03:12:50','2017-06-27 05:27:44'),(88,'Matilde','Schowalter','vkilback@example.net','1-310-676-2452x4620','2015-02-21 07:54:43','2019-04-07 08:24:50'),(89,'Mafalda','Braun','claudia.brakus@example.net','346-637-9557','2017-08-19 08:39:48','2020-07-25 21:02:14'),(90,'Fermin','Brakus','gaylord.alexie@example.net','(319)584-1577','2018-10-11 08:39:12','2020-07-25 21:02:14'),(91,'Bennett','Huels','jose.lueilwitz@example.net','(885)624-1140x0705','2018-05-26 14:44:42','2020-07-25 21:02:14'),(92,'Urban','Emmerich','leif.kihn@example.net','1-661-743-1173x164','2014-07-18 09:56:15','2019-03-24 07:27:18'),(93,'Tod','Friesen','dock15@example.net','(788)883-7620x483','2020-01-18 18:54:31','2020-07-25 21:02:14'),(94,'Rusty','Abshire','lynn.spencer@example.com','598.255.6092x7412','2016-03-31 04:19:49','2016-04-01 18:29:17'),(95,'Enola','Schmeler','yswift@example.com','(656)514-8115x13318','2012-09-05 12:19:07','2016-03-22 14:17:27'),(96,'Arielle','Anderson','dayna13@example.com','472-738-4461x248','2011-03-23 05:15:55','2017-01-27 02:51:38'),(97,'Harmony','Olson','santos98@example.org','06737745599','2015-03-01 18:55:03','2017-08-24 11:18:33'),(98,'Wilma','Kuhic','lbosco@example.net','600-508-8660x632','2013-10-29 18:32:36','2018-03-09 23:06:11'),(99,'Whitney','Jast','beulah.heller@example.org','(271)249-3111','2012-06-14 21:48:51','2012-12-08 05:04:30'),(100,'Joaquin','Schroeder','marianne.lebsack@example.net','05923928472','2017-12-15 01:37:23','2020-02-28 08:17:27'),(101,'Adrianna','Bruen','stevie88@example.org','736.931.9432','2013-03-29 21:18:09','2019-06-09 18:30:53'),(102,'Newell','Koelpin','ialtenwerth@example.net','03159830412','2018-03-04 17:41:08','2020-07-25 21:02:14'),(103,'Karelle','Langosh','dickens.destini@example.org','150-772-8833x9625','2019-06-29 19:24:17','2020-07-25 21:02:14'),(104,'Sammy','Bosco','lonie.wilkinson@example.com','1-667-222-5967','2014-05-27 03:23:09','2015-12-06 22:42:35'),(105,'Zita','Prosacco','magali61@example.org','1-076-964-4940x6672','2015-12-16 14:16:31','2020-07-25 21:02:14'),(106,'Haskell','Quitzon','merl.abernathy@example.net','770-146-1061x58007','2013-07-29 06:11:54','2016-05-12 13:28:01'),(107,'Moshe','Ratke','constance.howell@example.com','1-699-125-8284x608','2019-06-14 21:11:28','2020-07-25 21:02:14'),(108,'Emanuel','Haag','katelin.gleason@example.org','907.838.3031x73651','2015-10-22 17:59:11','2016-02-22 06:20:31'),(109,'Lane','Ledner','abednar@example.org','991-069-1741x532','2012-02-25 07:36:28','2017-03-28 04:15:24'),(110,'Coralie','Brown','ktorphy@example.net','945.940.5811','2011-12-21 20:16:23','2017-08-20 23:42:52');
/*!40000 ALTER TABLE `users` ENABLE KEYS */;
UNLOCK TABLES;
/*!40103 SET TIME_ZONE=@OLD_TIME_ZONE */;

/*!40101 SET SQL_MODE=@OLD_SQL_MODE */;
/*!40014 SET FOREIGN_KEY_CHECKS=@OLD_FOREIGN_KEY_CHECKS */;
/*!40014 SET UNIQUE_CHECKS=@OLD_UNIQUE_CHECKS */;
/*!40101 SET CHARACTER_SET_CLIENT=@OLD_CHARACTER_SET_CLIENT */;
/*!40101 SET CHARACTER_SET_RESULTS=@OLD_CHARACTER_SET_RESULTS */;
/*!40101 SET COLLATION_CONNECTION=@OLD_COLLATION_CONNECTION */;
/*!40111 SET SQL_NOTES=@OLD_SQL_NOTES */;

-- Dump completed on 2020-07-25 22:47:14
